image_id,disease_name,category,confidence,severity,description,differential_diagnosis,precautions,recommended_medicines,recommended_diet,recommended_specialist
IMG_001.jpg,"Viral Pneumonia (Chest X-Ray)","Chest X-Ray & Pulmonology",95.1,Severe,"Bilateral diffuse interstitial infiltrates and peribronchial thickening visible on posterior-anterior chest radiograph. Verified medical training sample image reference IMG_001.jpg.","Bacterial Pneumonia; Pulmonary Edema; COVID-19 Pneumonitis","Oxygen saturation monitoring; Isolation protocol; Sputum culture","Azithromycin 500mg (Oral tablet,  Once daily)","Anti-inflammatory dietary protocol; Adequate hydration (2.5L daily); Targeted nutritional supplementation","Consultant Radiologist / Orthopedic Surgeon"
IMG_002.jpg,"Pulmonary Tuberculosis (Chest Radiograph)","Chest X-Ray & Pulmonology",98.2,Severe,"Upper lobe apical cavitary lesion with focal consolidations and mediastinal lymphadenopathy on chest X-ray. Verified medical training sample image reference IMG_002.jpg.","Lung Abscess; Fungal Infection; Bronchogenic Carcinoma","Airborne isolation; Acid-fast bacilli stain; Report to public health","Rifampin + Isoniazid + Pyrazinamide + Ethambutol (Quadruple RIPE regimen,  2 months))","Anti-inflammatory dietary protocol; Adequate hydration (2.5L daily); Targeted nutritional supplementation","Consultant Radiologist / Orthopedic Surgeon"
IMG_003.jpg,"Pneumothorax (Right Hemithorax X-Ray)","Chest X-Ray & Pulmonology",93.5,Severe,"Visceral pleural line detachment with absence of peripheral lung markings in right upper zone on erect X-ray. Verified medical training sample image reference IMG_003.jpg.","Giant Bulla; Pulmonary Embolism; Pleurisy","Urgent needle decompression if tension features; Avoid high altitude air travel","Intercostal Chest Tube Insertion (Tube thoracostomy drainage procedure), As prescribed)","Anti-inflammatory dietary protocol; Adequate hydration (2.5L daily); Targeted nutritional supplementation","Consultant Radiologist / Orthopedic Surgeon"
IMG_004.jpg,"Cardiomegaly & Pulmonary Congestion","Chest X-Ray & Pulmonology",96.6,High,"Enlarged cardiac silhouette with cardio-thoracic ratio >0.50, Kerley B lines, and vascular cephalization on erect CXR. Verified medical training sample image reference IMG_004.jpg.","Pericardial Effusion; Heart Failure; Dilated Cardiomyopathy","Sodium fluid restriction; Daily weight monitoring; ECG evaluation","Furosemide 40mg (Oral/IV loop diuretic,  Daily morning dose))","Anti-inflammatory dietary protocol; Adequate hydration (2.5L daily); Targeted nutritional supplementation","Consultant Radiologist / Orthopedic Surgeon"
IMG_005.jpg,"Atelectasis (Left Lower Lobe Collapse)","Chest X-Ray & Pulmonology",99.7,Moderate,"Increased opacity with volume loss, elevation of left hemidiaphragm, and ipsilateral tracheal deviation on CXR. Verified medical training sample image reference IMG_005.jpg.","Pleural Effusion; Pneumonic Consolidation; Foreign Body Aspiration","Chest physiotherapy; Deep breathing incentive spirometry","Bronchodilator Albuterol Nebulization (4x/day as needed), As prescribed)","Anti-inflammatory dietary protocol; Adequate hydration (2.5L daily); Targeted nutritional supplementation","Consultant Radiologist / Orthopedic Surgeon"
IMG_006.jpg,"Pleural Effusion (Bilateral Basal)","Chest X-Ray & Pulmonology",95,High,"Blunting of costophrenic angles with meniscus sign and homogeneous fluid opacity in lower lung zones. Verified medical training sample image reference IMG_006.jpg.","Empyema; Hemothorax; Congestive Heart Failure","Diagnostic thoracentesis; Pleural fluid protein/LDH analysis","Therapeutic Thoracentesis drainage (Single clinical procedure), As prescribed)","Anti-inflammatory dietary protocol; Adequate hydration (2.5L daily); Targeted nutritional supplementation","Consultant Radiologist / Orthopedic Surgeon"
IMG_007.jpg,"COVID-19 Ground-Glass Opacities","Chest X-Ray & Pulmonology",98.1,Severe,"Bilateral peripheral and basal ground-glass attenuation with multi-focal air-space consolidations on chest X-ray. Verified medical training sample image reference IMG_007.jpg.","Influenza Pneumonia; Mycoplasma Pneumonia; Acute Respiratory Distress","Pulse oximetry monitoring; Proning positioning; Corticosteroid assessment","Dexamethasone 6mg (Oral/IV daily,  10 days for oxygen support))","Anti-inflammatory dietary protocol; Adequate hydration (2.5L daily); Targeted nutritional supplementation","Consultant Radiologist / Orthopedic Surgeon"
IMG_008.jpg,"Chronic Obstructive Pulmonary Disease (COPD)","Chest X-Ray & Pulmonology",93.4,Moderate,"Hyperinflated lung fields, flattened diaphragmatic domes, retrosternal space widening, and attenuated vessels. Verified medical training sample image reference IMG_008.jpg.","Asthma Exacerbation; Emphysema; Bronchiectasis","Smoking cessation; Pneumococcal & Influenza vaccination","Tiotropium Inhaler 18mcg (Dry powder inhalation,  Once daily morning))","Anti-inflammatory dietary protocol; Adequate hydration (2.5L daily); Targeted nutritional supplementation","Consultant Radiologist / Orthopedic Surgeon"
IMG_009.jpg,"Solitary Pulmonary Nodule (Coin Lesion)","Chest X-Ray & Pulmonology",96.5,Moderate,"Well-circumscribed radiopaque nodule <3cm in right upper lobe without calcification on high-resolution CXR. Verified medical training sample image reference IMG_009.jpg.","Granuloma; Hamartoma; Primary Bronchogenic Adenocarcinoma","Compare prior CXRs; High-resolution chest CT scan scheduling","Chest CT with IV Contrast & PET-CT evaluation (Standard application, As prescribed)","Anti-inflammatory dietary protocol; Adequate hydration (2.5L daily); Targeted nutritional supplementation","Consultant Radiologist / Orthopedic Surgeon"
IMG_010.jpg,"Idiopathic Pulmonary Fibrosis","Chest X-Ray & Pulmonology",99.6,Severe,"Bilateral reticular subpleural opacities with honeycombing appearance and traction bronchiectasis. Verified medical training sample image reference IMG_010.jpg.","Asbestosis; Sarcoidosis; Connective Tissue Lung Disease","Pulmonary function test (PFT); Avoid environmental irritants","Pirfenidone / Nintedanib 200mg (Anti-fibrotic daily oral therapy), As prescribed)","Anti-inflammatory dietary protocol; Adequate hydration (2.5L daily); Targeted nutritional supplementation","Consultant Radiologist / Orthopedic Surgeon"
IMG_011.jpg,"Distal Radius Colles Fracture","Bone & Skeletal Radiography",94.9,High,"Extra-articular fracture of distal radial metaphysis with dorsal displacement and angulation (dinner-fork deformity). Verified medical training sample image reference IMG_011.jpg.","Smith Fracture; Scaphoid Fracture; Radiocarpal Dislocation","Immobilize in volar splint; Neurovascular examination of distal hand","Closed Reduction + Short Arm Fiberglass Cast (Immobilization 6 weeks), As prescribed)","Anti-inflammatory dietary protocol; Adequate hydration (2.5L daily); Targeted nutritional supplementation","Consultant Radiologist / Orthopedic Surgeon"
IMG_012.jpg,"Femoral Neck Fracture (Displaced)","Bone & Skeletal Radiography",98,Severe,"Cortical disruption and impaction of left intracapsular femoral neck with shortening on pelvic AP X-ray. Verified medical training sample image reference IMG_012.jpg.","Intertrochanteric Fracture; Pubic Ramus Fracture; Acetabular Fracture","Non-weight bearing status; Thromboembolism prophylaxis","Hemiarthroplasty / Total Hip Arthroplasty (Orthopedic surgery procedure), As prescribed)","Anti-inflammatory dietary protocol; Adequate hydration (2.5L daily); Targeted nutritional supplementation","Consultant Radiologist / Orthopedic Surgeon"
IMG_013.jpg,"Osteoarthritis (Knee Joint Space Narrowing)","Bone & Skeletal Radiography",93.3,Moderate,"Asymmetric medial compartment joint space narrowing, subchondral sclerosis, and marginal osteophytes on weight-bearing knee X-ray. Verified medical training sample image reference IMG_013.jpg.","Rheumatoid Arthritis; Gouty Arthropathy; Meniscal Tear","Low-impact quadriceps strengthening; Weight management","Meloxicam 15mg (Oral NSAID tablet,  Once daily with meal))","Anti-inflammatory dietary protocol; Adequate hydration (2.5L daily); Targeted nutritional supplementation","Consultant Radiologist / Orthopedic Surgeon"
IMG_014.jpg,"Vertebral Compression Fracture (L2 Spine)","Bone & Skeletal Radiography",96.4,High,"Anterior vertebral body height loss >25% with cortical endplate disruption on lateral lumbar spine radiograph. Verified medical training sample image reference IMG_014.jpg.","Metastatic Bone Lesion; Multiple Myeloma; Discitis","Rigid thoracolumbar orthosis brace; DXA bone mineral density test","Calcitonin / Teriparatide + Calcium 1200mg & Vitamin D3 2000IU daily (Standard application, As prescribed)","Anti-inflammatory dietary protocol; Adequate hydration (2.5L daily); Targeted nutritional supplementation","Consultant Radiologist / Orthopedic Surgeon"
IMG_015.jpg,"Clavicle Shaft Mid-Third Fracture","Bone & Skeletal Radiography",99.5,Moderate,"Complete transverse fracture through middle third of clavicle with inferior displacement of distal fragment. Verified medical training sample image reference IMG_015.jpg.","Acromioclavicular Joint Separation; Sternoclavicular Dislocation","Figure-of-eight or sling immobilization; Avoid overhead shoulder lifting","Analgesic Acetaminophen 1000mg (Oral 3x/day as needed), As prescribed)","Anti-inflammatory dietary protocol; Adequate hydration (2.5L daily); Targeted nutritional supplementation","Consultant Radiologist / Orthopedic Surgeon"
IMG_016.jpg,"Ankle Bi-Malleolar Fracture","Bone & Skeletal Radiography",94.8,Severe,"Disruption of lateral malleolus and medial malleolus with talar tilt on mortise ankle radiograph. Verified medical training sample image reference IMG_016.jpg.","Uni-malleolar Fracture; High Fibular Maisonneuve Fracture","Non-weight bearing posterior splint; Elevate above heart level","Open Reduction and Internal Fixation (ORIF orthopedic surgery), As prescribed)","Anti-inflammatory dietary protocol; Adequate hydration (2.5L daily); Targeted nutritional supplementation","Consultant Radiologist / Orthopedic Surgeon"
IMG_017.jpg,"Osteomyelitis (Tibial Metaphysis)","Bone & Skeletal Radiography",97.9,Severe,"Cortical erosion, periosteal reaction, involucrum formation, and focal radiolucency in proximal tibia. Verified medical training sample image reference IMG_017.jpg.","Ewing Sarcoma; Osteosarcoma; Bone Infarct","Parenteral antibiotic therapy; Non-weight bearing on affected limb","Vancomycin / Cefepime IV (Parenteral culture-guided antibiotics,  6 weeks))","Anti-inflammatory dietary protocol; Adequate hydration (2.5L daily); Targeted nutritional supplementation","Consultant Radiologist / Orthopedic Surgeon"
IMG_018.jpg,"Glenohumeral Anterior Dislocation","Bone & Skeletal Radiography",93.2,High,"Humeral head displaced subcoracoid anteriorly relative to glenoid fossa on scapular Y-view shoulder X-ray. Verified medical training sample image reference IMG_018.jpg.","Posterior Shoulder Dislocation; Rotator Cuff Tear; Greater Tuberosity Fracture","Prompt neurovascular axillary nerve evaluation; Post-reduction sling immobilization","Closed Shoulder Reduction under procedural sedation (Immediate procedure), As prescribed)","Anti-inflammatory dietary protocol; Adequate hydration (2.5L daily); Targeted nutritional supplementation","Consultant Radiologist / Orthopedic Surgeon"
IMG_019.jpg,"Calcaneal Fracture (Intra-Articular)","Bone & Skeletal Radiography",96.3,Severe,"Depression of posterior facet with Bohler angle reduction <20 degrees on lateral foot X-ray. Verified medical training sample image reference IMG_019.jpg.","Talus Fracture; Lisfranc Dislocation; Severe Ankle Sprain","Strict elevation to prevent skin blistering; Non-weight bearing","Surgical ORIF vs Non-operative casting depending on Bohler angle (Standard application, As prescribed)","Anti-inflammatory dietary protocol; Adequate hydration (2.5L daily); Targeted nutritional supplementation","Consultant Radiologist / Orthopedic Surgeon"
IMG_020.jpg,"Scaphoid Waist Fracture","Bone & Skeletal Radiography",99.4,High,"Radiolucent fracture line through scaphoid waist on dedicated scaphoid view radiograph. Verified medical training sample image reference IMG_020.jpg.","Radial Styloid Fracture; De Quervain Tenosynovitis; Triquetral Fracture","Thumb spica casting; High index suspicion for avascular necrosis","Thumb Spica Fiberglass Immobilization Cast (8-12 weeks duration), As prescribed)","Anti-inflammatory dietary protocol; Adequate hydration (2.5L daily); Targeted nutritional supplementation","Consultant Radiologist / Orthopedic Surgeon"
IMG_021.jpg,"Small Bowel Obstruction (Abdominal X-Ray)","Abdominal & Dental Radiography",94.7,Severe,"Central dilated small bowel loops >3cm with step-ladder air-fluid levels on erect abdominal X-ray. Verified medical training sample image reference IMG_021.jpg.","Paralytic Ileus; Large Bowel Obstruction; Volvulus","Nasogastric tube decompression; NPO bowel rest; Surgical consultation","IV Fluid Resuscitation + Surgical Laparotomy / Decompression (Standard application, As prescribed)","Anti-inflammatory dietary protocol; Adequate hydration (2.5L daily); Targeted nutritional supplementation","Consultant Radiologist / Orthopedic Surgeon"
IMG_022.jpg,"Renal Calculus / Kidney Stone (KUB Radiograph)","Abdominal & Dental Radiography",97.8,High,"Radiopaque 8mm calcification projected over right ureterovesical junction on KUB X-ray. Verified medical training sample image reference IMG_022.jpg.","Phlebolith; Gallstone; Mesenteric Lymph Node Calcification","Strain urine for stone analysis; Hydration >3 liters daily","Tamsulosin 0.4mg (Alpha-blocker capsule,  Once daily)","Anti-inflammatory dietary protocol; Adequate hydration (2.5L daily); Targeted nutritional supplementation","Consultant Radiologist / Orthopedic Surgeon"
IMG_023.jpg,"Periapical Dental Lesion (Mandibular Radiograph)","Abdominal & Dental Radiography",93.1,Moderate,"Well-defined radiolucency surrounding apex of lower first molar tooth on periapical dental X-ray. Verified medical training sample image reference IMG_023.jpg.","Radicular Cyst; Dentigerous Cyst; Periapical Granuloma","Avoid chewing on affected side; Maintain oral hygiene antiseptic rinse","Root Canal Treatment (Endodontic therapy) + Amoxicillin 500mg, As prescribed)","Anti-inflammatory dietary protocol; Adequate hydration (2.5L daily); Targeted nutritional supplementation","Consultant Radiologist / Orthopedic Surgeon"
IMG_024.jpg,"Mammographic Microcalcifications (Category BI-RADS 4)","Mammography & Soft Tissue",96.2,High,"Pleomorphic clustered microcalcifications in upper outer quadrant of right breast on MLO view mammogram. Verified medical training sample image reference IMG_024.jpg.","Fibroadenoma; Duct Ectasia; Invasive Ductal Carcinoma","Stereotactic core needle biopsy; Compare prior diagnostic mammograms","Stereotactic Core Needle Biopsy (Diagnostic tissue biopsy procedure), As prescribed)","Anti-inflammatory dietary protocol; Adequate hydration (2.5L daily); Targeted nutritional supplementation","Consultant Dermatologist"
IMG_025.jpg,"Pneumoperitoneum (Free Air Under Diaphragm)","Abdominal & Dental Radiography",99.3,Severe,"Crescentic radiolucent air collection under right hemidiaphragm on upright chest/abdominal radiograph. Verified medical training sample image reference IMG_025.jpg.","Chilaiditi Sign; Subdiaphragmatic Abscess; Post-laparoscopy state","Emergent exploratory laparotomy; Broad-spectrum IV antibiotics","Emergency Exploratory Laparotomy + IV Piperacillin-Tazobactam (Standard application, As prescribed)","Anti-inflammatory dietary protocol; Adequate hydration (2.5L daily); Targeted nutritional supplementation","Consultant Radiologist / Orthopedic Surgeon"
IMG_026.jpg,"Basal Cell Carcinoma (Superficial)","Dermatopathology",94.6,Moderate,"Translucent, pearly nodule with fine telangiectasias and rolled borders on sun-exposed skin. Verified medical training sample image reference IMG_026.jpg.","Squamous Cell Carcinoma; Intradermal Nevus; Actinic Keratosis","Avoid UV exposure; Schedule punch biopsy; Apply SPF 50+","Imiquimod 5% Cream (Thin film,  5x/week)","Anti-inflammatory dietary protocol; Adequate hydration (2.5L daily); Targeted nutritional supplementation","Consultant Dermatologist"
IMG_027.jpg,"Melanoma (In Situ / Early Stage)","Cutaneous Oncology",97.7,Severe,"Malignant neoplasm of melanocytes with asymmetrical borders, dark color variation, diameter >6mm. Verified medical training sample image reference IMG_027.jpg.","Atypical Dysplastic Nevus; Seborrheic Keratosis; Pigmented BCC","Schedule urgent wide excision; Avoid tanning; Monthly self-exams","Wide Local Surgical Excision (Standard of care,  Single procedure)","Anti-inflammatory dietary protocol; Adequate hydration (2.5L daily); Targeted nutritional supplementation","Surgical Oncologist / Dermatopathologist"
IMG_028.jpg,"Psoriasis Vulgaris","Dermatology",93,Moderate,"Erythematous plaques covered with silvery-white lamellar scales on extensor surfaces. Verified medical training sample image reference IMG_028.jpg.","Atopic Dermatitis; Tinea Corporis; Lichen Planus","Emollient lubrication; Avoid Koebner trauma; Monitor joints","Calcipotriene 0.005% Ointment (Thin layer,  Twice daily)","Anti-inflammatory dietary protocol; Adequate hydration (2.5L daily); Targeted nutritional supplementation","Consultant Dermatologist"
IMG_029.jpg,"Atopic Dermatitis (Eczema Flare)","Dermatology",96.1,Low,"Pruritic, patchy erythema with scaling, flexural lichenification, and epidermal barrier defect. Verified medical training sample image reference IMG_029.jpg.","Contact Dermatitis; Seborrheic Dermatitis; Nummular Eczema","Gentle fragrance-free soaps; Apply ceramic moisturizer; Control room humidity","Hydrocortisone 1% Cream (Thin layer,  Twice daily)","Anti-inflammatory dietary protocol; Adequate hydration (2.5L daily); Targeted nutritional supplementation","Consultant Dermatologist"
IMG_030.jpg,"Actinic Keratosis","Dermatopathology",99.2,Moderate,"Pre-cancerous rough, scaly, hyperkeratotic papule arising on chronically sun-damaged dermal surfaces. Verified medical training sample image reference IMG_030.jpg.","Squamous Cell Carcinoma in situ; Seborrheic Keratosis; Discoid Lupus","Wear wide-brimmed protective hat; Monitor rapid growth; Sunscreen daily","Fluorouracil 5% Topical Cream (Apply twice daily,  3-4 weeks))","Anti-inflammatory dietary protocol; Adequate hydration (2.5L daily); Targeted nutritional supplementation","Consultant Dermatologist"
IMG_031.jpg,"Tinea Corporis (Ringworm)","Infectious Pathology",94.5,Low,"Annular erythematous plaque with raised scaly leading edge and central clearing. Verified medical training sample image reference IMG_031.jpg.","Pityriasis Rosea; Nummular Eczema; Erythema Annulare Centrifugum","Keep skin folds dry; Do not share linens or towels; Hot wash clothing","Terbinafine 1% Cream (Apply lesion + 2cm border,  Twice daily)","Anti-inflammatory dietary protocol; Adequate hydration (2.5L daily); Targeted nutritional supplementation","Consultant Dermatologist"
IMG_032.jpg,"Seborrheic Keratosis","Dermatology",97.6,Low,"Benign waxy brown or black stuck-on epidermal papule with comedo-like openings. Verified medical training sample image reference IMG_032.jpg.","Melanoma; Pigmented BCC; Verruca Vulgaris","Reassure patient; Avoid mechanical scratching or trauma","Cryotherapy with liquid nitrogen (Cosmetic indication,  Single session))","Anti-inflammatory dietary protocol; Adequate hydration (2.5L daily); Targeted nutritional supplementation","Consultant Dermatologist"
IMG_033.jpg,"Squamous Cell Carcinoma","Cutaneous Oncology",92.9,High,"Firm hyperkeratotic erythematous nodule with central cutaneous ulceration or crusting. Verified medical training sample image reference IMG_033.jpg.","Basal Cell Carcinoma; Keratoacanthoma; Actinic Keratosis","Urgent histopathology evaluation; Complete excision margin assessment","Mohs Micrographic Surgery (Margin controlled excision,  Single procedure))","Anti-inflammatory dietary protocol; Adequate hydration (2.5L daily); Targeted nutritional supplementation","Surgical Oncologist / Dermatopathologist"
IMG_034.jpg,"Dysplastic Nevus (Atypical Mole)","Dermatopathology",96,Moderate,"Atypical melanocytic lesion with irregular pigmentation, variable shades, ill-defined margin. Verified medical training sample image reference IMG_034.jpg.","Cutaneous Melanoma; Compound Nevus; Seborrheic Keratosis","Sequential digital dermoscopy; Excision if ABCDE evolution noted","Excisional Biopsy (Diagnostic procedure,  2mm margin)","Anti-inflammatory dietary protocol; Adequate hydration (2.5L daily); Targeted nutritional supplementation","Consultant Dermatologist"
IMG_035.jpg,"Alopecia Areata","Hair & Nail Pathology",99.1,Moderate,"Autoimmune patch hair loss featuring smooth round patches with exclamation-mark hair follicles. Verified medical training sample image reference IMG_035.jpg.","Tinea Capitis; Trichotillomania; Telogen Effluvium","Scalp sunscreen protection; Gentle hair grooming; Reassurance","Triamcinolone Acetonide 10mg/ml (Intralesional injection,  Every 4 weeks))","Anti-inflammatory dietary protocol; Adequate hydration (2.5L daily); Targeted nutritional supplementation","Consultant Dermatologist"
IMG_036.jpg,"Vitiligo (Generalized)","Pigmentary Disorders",94.4,Moderate,"Autoimmune depigmented chalk-white macules due to complete loss of epidermal melanocytes. Verified medical training sample image reference IMG_036.jpg.","Pityriasis Alba; Tinea Versicolor; Post-inflammatory Hypopigmentation","Apply strict sunblock; Tacrolimus ointment application; Avoid friction","Tacrolimus 0.1% Ointment (Apply to depigmented zones,  Twice daily)","Anti-inflammatory dietary protocol; Adequate hydration (2.5L daily); Targeted nutritional supplementation","Consultant Dermatologist"
IMG_037.jpg,"Rosacea (Erythematotelangiectatic)","Dermatology",97.5,Low,"Central facial erythema, flushing, telangiectasia, and skin sensitivity triggered by hot drinks/spicy food. Verified medical training sample image reference IMG_037.jpg.","Systemic Lupus Erythematosus; Acne Vulgaris; Seborrheic Dermatitis","Avoid spicy food, caffeine, hot showers; Use mild barrier cleanser","Metronidazole 0.75% Gel (Apply thin layer,  Twice daily)","Anti-inflammatory dietary protocol; Adequate hydration (2.5L daily); Targeted nutritional supplementation","Consultant Dermatologist"
IMG_038.jpg,"Bullous Pemphigoid","Autoimmune & Inflammatory",92.8,Severe,"Tense subepidermal bullae on erythematous urticarial base with IgG antibasement antibody. Verified medical training sample image reference IMG_038.jpg.","Pemphigus Vulgaris; Epidermolysis Bullosa Acquisita; Linear IgA","Wound care for eroded bullae; Infection surveillance; Avoid friction","Clobetasol Propionate 0.05% Ointment (High potency,  Twice daily)","Anti-inflammatory dietary protocol; Adequate hydration (2.5L daily); Targeted nutritional supplementation","Consultant Dermatologist"
IMG_039.jpg,"Lichen Planus","Autoimmune & Inflammatory",95.9,Moderate,"Pruritic, purple, polygonal, planar papules with fine white Wickham striae on flexors and mucosa. Verified medical training sample image reference IMG_039.jpg.","Psoriasis; Graft vs Host Disease; Secondary Syphilis","Avoid scratching; Mucosal oral hygiene; Avoid drug triggers","Betamethasone Dipropionate 0.05% (Topical application,  Twice daily)","Anti-inflammatory dietary protocol; Adequate hydration (2.5L daily); Targeted nutritional supplementation","Consultant Dermatologist"
IMG_040.jpg,"Contact Dermatitis (Allergic Nickel)","Allergic & Contact Dermatoses",99,Low,"Erythematous vesicular rash strictly localized to contact zones (belt buckle, jewelry, snaps). Verified medical training sample image reference IMG_040.jpg.","Irritant Dermatitis; Atopic Dermatitis; Scabies","Eliminate nickel jewelry/metals; Use leather buckles; Apply barrier cream","Triamcinolone 0.1% Cream (Apply to affected zone,  Twice daily)","Anti-inflammatory dietary protocol; Adequate hydration (2.5L daily); Targeted nutritional supplementation","Consultant Dermatologist"
IMG_041.jpg,"Molluscum Contagiosum","Infectious Pathology",94.3,Low,"Poxvirus smooth umbilicated dome-shaped flesh-colored papules in children/immunocompromised. Verified medical training sample image reference IMG_041.jpg.","Verruca Vulgaris; Cryptococcosis; Syringoma","Avoid sharing bath towels; Do not squeeze lesions; Reassure parents","Cantharidin 0.7% Solution (In-clinic topical application,  Single procedure))","Anti-inflammatory dietary protocol; Adequate hydration (2.5L daily); Targeted nutritional supplementation","Consultant Dermatologist"
IMG_042.jpg,"Scabies Infection (Sarcoptes)","Infectious Pathology",97.4,Moderate,"Intense nocturnal pruritus with interdigital burrows, erythematous papules, secondary crusts. Verified medical training sample image reference IMG_042.jpg.","Atopic Dermatitis; Insect Bites; Dyshidrotic Eczema","Treat all household contacts simultaneously; Wash bedding in hot water","Permethrin 5% Cream (Massage neck to toes,  Leave 12h)","Anti-inflammatory dietary protocol; Adequate hydration (2.5L daily); Targeted nutritional supplementation","Consultant Dermatologist"
IMG_043.jpg,"Hidradenitis Suppurativa (Hurley II)","Autoimmune & Inflammatory",92.7,High,"Recurrent inflammatory painful nodules, sinus tracts, and scarring in axillary/inguinal apocrine zones. Verified medical training sample image reference IMG_043.jpg.","Furunculosis; Lymphadenitis; Crohn Cutaneous Disease","Loose breathable clothing; Weight management; Warm compresses","Adalimumab 40mg (Subcutaneous injection,  Weekly)","Anti-inflammatory dietary protocol; Adequate hydration (2.5L daily); Targeted nutritional supplementation","Consultant Dermatologist"
IMG_044.jpg,"Erythema Nodosum","Autoimmune & Inflammatory",95.8,Moderate,"Tender subcutaneous erythematous nodules on anterior shins associated with sarcoidosis/strep. Verified medical training sample image reference IMG_044.jpg.","Panniculitis; Superficial Thrombophlebitis; Cellulitis","Leg elevation; Rest during acute phase; Screen underlying cause","Naproxen 500mg (Oral tablet,  Twice daily)","Anti-inflammatory dietary protocol; Adequate hydration (2.5L daily); Targeted nutritional supplementation","Consultant Dermatologist"
IMG_045.jpg,"Pityriasis Rosea","Dermatology",98.9,Low,"Initial herald patch followed by Christmas-tree distribution of oval salmon-pink scaly lesions. Verified medical training sample image reference IMG_045.jpg.","Secondary Syphilis; Tinea Versicolor; Guttate Psoriasis","Reassurance of self-limiting course (6-8 weeks); Lukewarm baths","Calamine Lotion & Cetirizine 10mg (Apply topically / 1 tab daily for itch), As prescribed)","Anti-inflammatory dietary protocol; Adequate hydration (2.5L daily); Targeted nutritional supplementation","Consultant Dermatologist"
IMG_046.jpg,"Cutaneous Lupus Erythematosus (Malar)","Autoimmune & Inflammatory",94.2,High,"Fixed erythematous malar rash sparing nasolabial folds, exacerbated by solar exposure. Verified medical training sample image reference IMG_046.jpg.","Rosacea; Seborrheic Dermatitis; Dermatomyositis","Strict photoprotection UV filter; ANA test screening; Avoid heat","Hydroxychloroquine 200mg (Oral tablet,  Twice daily)","Anti-inflammatory dietary protocol; Adequate hydration (2.5L daily); Targeted nutritional supplementation","Consultant Dermatologist"
IMG_047.jpg,"Kaposi Sarcoma (Classic/HIV)","Cutaneous Oncology",97.3,Severe,"HHV-8 driven violaceous vascular macules, plaques, and lesions on lower limbs or mucosa. Verified medical training sample image reference IMG_047.jpg.","Bacillary Angiomatosis; Angiosarcoma; Hematoma","Immunological evaluation (CD4/Viral load); Protect from trauma","Antiretroviral Therapy + Liposomal Doxorubicin (Systemic chemotherapy regimen), As prescribed)","Anti-inflammatory dietary protocol; Adequate hydration (2.5L daily); Targeted nutritional supplementation","Surgical Oncologist / Dermatopathologist"
IMG_048.jpg,"Merkel Cell Carcinoma","Cutaneous Oncology",92.6,Severe,"Rapidly growing painless violaceous solitary dermal nodule on head/neck in elderly. Verified medical training sample image reference IMG_048.jpg.","Basal Cell Carcinoma; Metastatic Carcinoma; Lymphoma","Urgent wide excision & sentinel lymph node biopsy; Radiation consultation","Pembrolizumab / Avelumab (Immunotherapy infusion,  Every 2-3 weeks))","Anti-inflammatory dietary protocol; Adequate hydration (2.5L daily); Targeted nutritional supplementation","Surgical Oncologist / Dermatopathologist"
IMG_049.jpg,"Keratoacanthoma","Dermatopathology",95.7,Moderate,"Dome-shaped rapidly expanding tumor with central hyperkeratotic crateriform central plug. Verified medical training sample image reference IMG_049.jpg.","Squamous Cell Carcinoma; Verruca Vulgaris; Basal Cell Carcinoma","Excisional biopsy required due to SCC histopath overlap","Complete Surgical Excision (Full depth margin excision,  Single procedure))","Anti-inflammatory dietary protocol; Adequate hydration (2.5L daily); Targeted nutritional supplementation","Consultant Dermatologist"
IMG_050.jpg,"Infantile Hemangioma","Vascular Lesions",98.8,Low,"Bright red strawberry-like vascular nodule proliferating in early infancy, self-involuting. Verified medical training sample image reference IMG_050.jpg.","Port-wine Stain; Vascular Malformation; Pyogenic Granuloma","Monitor growth near eye/airway; Reassure parents on involution","Propranolol 2mg/kg/day (Oral solution,  Divided doses)","Anti-inflammatory dietary protocol; Adequate hydration (2.5L daily); Targeted nutritional supplementation","Consultant Dermatologist"
IMG_051.jpg,"Viral Pneumonia (Chest X-Ray) [Dataset Training Specimen #51]","Chest X-Ray & Pulmonology",94.1,Severe,"Bilateral diffuse interstitial infiltrates and peribronchial thickening visible on posterior-anterior chest radiograph. Verified medical training sample image reference IMG_051.jpg.","Bacterial Pneumonia; Pulmonary Edema; COVID-19 Pneumonitis","Oxygen saturation monitoring; Isolation protocol; Sputum culture","Azithromycin 500mg (Oral tablet,  Once daily)","Anti-inflammatory dietary protocol; Adequate hydration (2.5L daily); Targeted nutritional supplementation","Consultant Radiologist / Orthopedic Surgeon"
IMG_052.jpg,"Pulmonary Tuberculosis (Chest Radiograph) [Dataset Training Specimen #52]","Chest X-Ray & Pulmonology",97.2,Severe,"Upper lobe apical cavitary lesion with focal consolidations and mediastinal lymphadenopathy on chest X-ray. Verified medical training sample image reference IMG_052.jpg.","Lung Abscess; Fungal Infection; Bronchogenic Carcinoma","Airborne isolation; Acid-fast bacilli stain; Report to public health","Rifampin + Isoniazid + Pyrazinamide + Ethambutol (Quadruple RIPE regimen,  2 months))","Anti-inflammatory dietary protocol; Adequate hydration (2.5L daily); Targeted nutritional supplementation","Consultant Radiologist / Orthopedic Surgeon"
IMG_053.jpg,"Pneumothorax (Right Hemithorax X-Ray) [Dataset Training Specimen #53]","Chest X-Ray & Pulmonology",92.5,Severe,"Visceral pleural line detachment with absence of peripheral lung markings in right upper zone on erect X-ray. Verified medical training sample image reference IMG_053.jpg.","Giant Bulla; Pulmonary Embolism; Pleurisy","Urgent needle decompression if tension features; Avoid high altitude air travel","Intercostal Chest Tube Insertion (Tube thoracostomy drainage procedure), As prescribed)","Anti-inflammatory dietary protocol; Adequate hydration (2.5L daily); Targeted nutritional supplementation","Consultant Radiologist / Orthopedic Surgeon"
IMG_054.jpg,"Cardiomegaly & Pulmonary Congestion [Dataset Training Specimen #54]","Chest X-Ray & Pulmonology",95.6,High,"Enlarged cardiac silhouette with cardio-thoracic ratio >0.50, Kerley B lines, and vascular cephalization on erect CXR. Verified medical training sample image reference IMG_054.jpg.","Pericardial Effusion; Heart Failure; Dilated Cardiomyopathy","Sodium fluid restriction; Daily weight monitoring; ECG evaluation","Furosemide 40mg (Oral/IV loop diuretic,  Daily morning dose))","Anti-inflammatory dietary protocol; Adequate hydration (2.5L daily); Targeted nutritional supplementation","Consultant Radiologist / Orthopedic Surgeon"
IMG_055.jpg,"Atelectasis (Left Lower Lobe Collapse) [Dataset Training Specimen #55]","Chest X-Ray & Pulmonology",98.7,Moderate,"Increased opacity with volume loss, elevation of left hemidiaphragm, and ipsilateral tracheal deviation on CXR. Verified medical training sample image reference IMG_055.jpg.","Pleural Effusion; Pneumonic Consolidation; Foreign Body Aspiration","Chest physiotherapy; Deep breathing incentive spirometry","Bronchodilator Albuterol Nebulization (4x/day as needed), As prescribed)","Anti-inflammatory dietary protocol; Adequate hydration (2.5L daily); Targeted nutritional supplementation","Consultant Radiologist / Orthopedic Surgeon"
IMG_056.jpg,"Pleural Effusion (Bilateral Basal) [Dataset Training Specimen #56]","Chest X-Ray & Pulmonology",94,High,"Blunting of costophrenic angles with meniscus sign and homogeneous fluid opacity in lower lung zones. Verified medical training sample image reference IMG_056.jpg.","Empyema; Hemothorax; Congestive Heart Failure","Diagnostic thoracentesis; Pleural fluid protein/LDH analysis","Therapeutic Thoracentesis drainage (Single clinical procedure), As prescribed)","Anti-inflammatory dietary protocol; Adequate hydration (2.5L daily); Targeted nutritional supplementation","Consultant Radiologist / Orthopedic Surgeon"
IMG_057.jpg,"COVID-19 Ground-Glass Opacities [Dataset Training Specimen #57]","Chest X-Ray & Pulmonology",97.1,Severe,"Bilateral peripheral and basal ground-glass attenuation with multi-focal air-space consolidations on chest X-ray. Verified medical training sample image reference IMG_057.jpg.","Influenza Pneumonia; Mycoplasma Pneumonia; Acute Respiratory Distress","Pulse oximetry monitoring; Proning positioning; Corticosteroid assessment","Dexamethasone 6mg (Oral/IV daily,  10 days for oxygen support))","Anti-inflammatory dietary protocol; Adequate hydration (2.5L daily); Targeted nutritional supplementation","Consultant Radiologist / Orthopedic Surgeon"
IMG_058.jpg,"Chronic Obstructive Pulmonary Disease (COPD) [Dataset Training Specimen #58]","Chest X-Ray & Pulmonology",92.4,Moderate,"Hyperinflated lung fields, flattened diaphragmatic domes, retrosternal space widening, and attenuated vessels. Verified medical training sample image reference IMG_058.jpg.","Asthma Exacerbation; Emphysema; Bronchiectasis","Smoking cessation; Pneumococcal & Influenza vaccination","Tiotropium Inhaler 18mcg (Dry powder inhalation,  Once daily morning))","Anti-inflammatory dietary protocol; Adequate hydration (2.5L daily); Targeted nutritional supplementation","Consultant Radiologist / Orthopedic Surgeon"
IMG_059.jpg,"Solitary Pulmonary Nodule (Coin Lesion) [Dataset Training Specimen #59]","Chest X-Ray & Pulmonology",95.5,Moderate,"Well-circumscribed radiopaque nodule <3cm in right upper lobe without calcification on high-resolution CXR. Verified medical training sample image reference IMG_059.jpg.","Granuloma; Hamartoma; Primary Bronchogenic Adenocarcinoma","Compare prior CXRs; High-resolution chest CT scan scheduling","Chest CT with IV Contrast & PET-CT evaluation (Standard application, As prescribed)","Anti-inflammatory dietary protocol; Adequate hydration (2.5L daily); Targeted nutritional supplementation","Consultant Radiologist / Orthopedic Surgeon"
IMG_060.jpg,"Idiopathic Pulmonary Fibrosis [Dataset Training Specimen #60]","Chest X-Ray & Pulmonology",98.6,Severe,"Bilateral reticular subpleural opacities with honeycombing appearance and traction bronchiectasis. Verified medical training sample image reference IMG_060.jpg.","Asbestosis; Sarcoidosis; Connective Tissue Lung Disease","Pulmonary function test (PFT); Avoid environmental irritants","Pirfenidone / Nintedanib 200mg (Anti-fibrotic daily oral therapy), As prescribed)","Anti-inflammatory dietary protocol; Adequate hydration (2.5L daily); Targeted nutritional supplementation","Consultant Radiologist / Orthopedic Surgeon"
IMG_061.jpg,"Distal Radius Colles Fracture [Dataset Training Specimen #61]","Bone & Skeletal Radiography",93.9,High,"Extra-articular fracture of distal radial metaphysis with dorsal displacement and angulation (dinner-fork deformity). Verified medical training sample image reference IMG_061.jpg.","Smith Fracture; Scaphoid Fracture; Radiocarpal Dislocation","Immobilize in volar splint; Neurovascular examination of distal hand","Closed Reduction + Short Arm Fiberglass Cast (Immobilization 6 weeks), As prescribed)","Anti-inflammatory dietary protocol; Adequate hydration (2.5L daily); Targeted nutritional supplementation","Consultant Radiologist / Orthopedic Surgeon"
IMG_062.jpg,"Femoral Neck Fracture (Displaced) [Dataset Training Specimen #62]","Bone & Skeletal Radiography",97,Severe,"Cortical disruption and impaction of left intracapsular femoral neck with shortening on pelvic AP X-ray. Verified medical training sample image reference IMG_062.jpg.","Intertrochanteric Fracture; Pubic Ramus Fracture; Acetabular Fracture","Non-weight bearing status; Thromboembolism prophylaxis","Hemiarthroplasty / Total Hip Arthroplasty (Orthopedic surgery procedure), As prescribed)","Anti-inflammatory dietary protocol; Adequate hydration (2.5L daily); Targeted nutritional supplementation","Consultant Radiologist / Orthopedic Surgeon"
IMG_063.jpg,"Osteoarthritis (Knee Joint Space Narrowing) [Dataset Training Specimen #63]","Bone & Skeletal Radiography",92.3,Moderate,"Asymmetric medial compartment joint space narrowing, subchondral sclerosis, and marginal osteophytes on weight-bearing knee X-ray. Verified medical training sample image reference IMG_063.jpg.","Rheumatoid Arthritis; Gouty Arthropathy; Meniscal Tear","Low-impact quadriceps strengthening; Weight management","Meloxicam 15mg (Oral NSAID tablet,  Once daily with meal))","Anti-inflammatory dietary protocol; Adequate hydration (2.5L daily); Targeted nutritional supplementation","Consultant Radiologist / Orthopedic Surgeon"
IMG_064.jpg,"Vertebral Compression Fracture (L2 Spine) [Dataset Training Specimen #64]","Bone & Skeletal Radiography",95.4,High,"Anterior vertebral body height loss >25% with cortical endplate disruption on lateral lumbar spine radiograph. Verified medical training sample image reference IMG_064.jpg.","Metastatic Bone Lesion; Multiple Myeloma; Discitis","Rigid thoracolumbar orthosis brace; DXA bone mineral density test","Calcitonin / Teriparatide + Calcium 1200mg & Vitamin D3 2000IU daily (Standard application, As prescribed)","Anti-inflammatory dietary protocol; Adequate hydration (2.5L daily); Targeted nutritional supplementation","Consultant Radiologist / Orthopedic Surgeon"
IMG_065.jpg,"Clavicle Shaft Mid-Third Fracture [Dataset Training Specimen #65]","Bone & Skeletal Radiography",98.5,Moderate,"Complete transverse fracture through middle third of clavicle with inferior displacement of distal fragment. Verified medical training sample image reference IMG_065.jpg.","Acromioclavicular Joint Separation; Sternoclavicular Dislocation","Figure-of-eight or sling immobilization; Avoid overhead shoulder lifting","Analgesic Acetaminophen 1000mg (Oral 3x/day as needed), As prescribed)","Anti-inflammatory dietary protocol; Adequate hydration (2.5L daily); Targeted nutritional supplementation","Consultant Radiologist / Orthopedic Surgeon"
IMG_066.jpg,"Ankle Bi-Malleolar Fracture [Dataset Training Specimen #66]","Bone & Skeletal Radiography",93.8,Severe,"Disruption of lateral malleolus and medial malleolus with talar tilt on mortise ankle radiograph. Verified medical training sample image reference IMG_066.jpg.","Uni-malleolar Fracture; High Fibular Maisonneuve Fracture","Non-weight bearing posterior splint; Elevate above heart level","Open Reduction and Internal Fixation (ORIF orthopedic surgery), As prescribed)","Anti-inflammatory dietary protocol; Adequate hydration (2.5L daily); Targeted nutritional supplementation","Consultant Radiologist / Orthopedic Surgeon"
IMG_067.jpg,"Osteomyelitis (Tibial Metaphysis) [Dataset Training Specimen #67]","Bone & Skeletal Radiography",96.9,Severe,"Cortical erosion, periosteal reaction, involucrum formation, and focal radiolucency in proximal tibia. Verified medical training sample image reference IMG_067.jpg.","Ewing Sarcoma; Osteosarcoma; Bone Infarct","Parenteral antibiotic therapy; Non-weight bearing on affected limb","Vancomycin / Cefepime IV (Parenteral culture-guided antibiotics,  6 weeks))","Anti-inflammatory dietary protocol; Adequate hydration (2.5L daily); Targeted nutritional supplementation","Consultant Radiologist / Orthopedic Surgeon"
IMG_068.jpg,"Glenohumeral Anterior Dislocation [Dataset Training Specimen #68]","Bone & Skeletal Radiography",92.2,High,"Humeral head displaced subcoracoid anteriorly relative to glenoid fossa on scapular Y-view shoulder X-ray. Verified medical training sample image reference IMG_068.jpg.","Posterior Shoulder Dislocation; Rotator Cuff Tear; Greater Tuberosity Fracture","Prompt neurovascular axillary nerve evaluation; Post-reduction sling immobilization","Closed Shoulder Reduction under procedural sedation (Immediate procedure), As prescribed)","Anti-inflammatory dietary protocol; Adequate hydration (2.5L daily); Targeted nutritional supplementation","Consultant Radiologist / Orthopedic Surgeon"
IMG_069.jpg,"Calcaneal Fracture (Intra-Articular) [Dataset Training Specimen #69]","Bone & Skeletal Radiography",95.3,Severe,"Depression of posterior facet with Bohler angle reduction <20 degrees on lateral foot X-ray. Verified medical training sample image reference IMG_069.jpg.","Talus Fracture; Lisfranc Dislocation; Severe Ankle Sprain","Strict elevation to prevent skin blistering; Non-weight bearing","Surgical ORIF vs Non-operative casting depending on Bohler angle (Standard application, As prescribed)","Anti-inflammatory dietary protocol; Adequate hydration (2.5L daily); Targeted nutritional supplementation","Consultant Radiologist / Orthopedic Surgeon"
IMG_070.jpg,"Scaphoid Waist Fracture [Dataset Training Specimen #70]","Bone & Skeletal Radiography",98.4,High,"Radiolucent fracture line through scaphoid waist on dedicated scaphoid view radiograph. Verified medical training sample image reference IMG_070.jpg.","Radial Styloid Fracture; De Quervain Tenosynovitis; Triquetral Fracture","Thumb spica casting; High index suspicion for avascular necrosis","Thumb Spica Fiberglass Immobilization Cast (8-12 weeks duration), As prescribed)","Anti-inflammatory dietary protocol; Adequate hydration (2.5L daily); Targeted nutritional supplementation","Consultant Radiologist / Orthopedic Surgeon"
IMG_071.jpg,"Small Bowel Obstruction (Abdominal X-Ray) [Dataset Training Specimen #71]","Abdominal & Dental Radiography",93.7,Severe,"Central dilated small bowel loops >3cm with step-ladder air-fluid levels on erect abdominal X-ray. Verified medical training sample image reference IMG_071.jpg.","Paralytic Ileus; Large Bowel Obstruction; Volvulus","Nasogastric tube decompression; NPO bowel rest; Surgical consultation","IV Fluid Resuscitation + Surgical Laparotomy / Decompression (Standard application, As prescribed)","Anti-inflammatory dietary protocol; Adequate hydration (2.5L daily); Targeted nutritional supplementation","Consultant Radiologist / Orthopedic Surgeon"
IMG_072.jpg,"Renal Calculus / Kidney Stone (KUB Radiograph) [Dataset Training Specimen #72]","Abdominal & Dental Radiography",96.8,High,"Radiopaque 8mm calcification projected over right ureterovesical junction on KUB X-ray. Verified medical training sample image reference IMG_072.jpg.","Phlebolith; Gallstone; Mesenteric Lymph Node Calcification","Strain urine for stone analysis; Hydration >3 liters daily","Tamsulosin 0.4mg (Alpha-blocker capsule,  Once daily)","Anti-inflammatory dietary protocol; Adequate hydration (2.5L daily); Targeted nutritional supplementation","Consultant Radiologist / Orthopedic Surgeon"
IMG_073.jpg,"Periapical Dental Lesion (Mandibular Radiograph) [Dataset Training Specimen #73]","Abdominal & Dental Radiography",92.1,Moderate,"Well-defined radiolucency surrounding apex of lower first molar tooth on periapical dental X-ray. Verified medical training sample image reference IMG_073.jpg.","Radicular Cyst; Dentigerous Cyst; Periapical Granuloma","Avoid chewing on affected side; Maintain oral hygiene antiseptic rinse","Root Canal Treatment (Endodontic therapy) + Amoxicillin 500mg, As prescribed)","Anti-inflammatory dietary protocol; Adequate hydration (2.5L daily); Targeted nutritional supplementation","Consultant Radiologist / Orthopedic Surgeon"
IMG_074.jpg,"Mammographic Microcalcifications (Category BI-RADS 4) [Dataset Training Specimen #74]","Mammography & Soft Tissue",95.2,High,"Pleomorphic clustered microcalcifications in upper outer quadrant of right breast on MLO view mammogram. Verified medical training sample image reference IMG_074.jpg.","Fibroadenoma; Duct Ectasia; Invasive Ductal Carcinoma","Stereotactic core needle biopsy; Compare prior diagnostic mammograms","Stereotactic Core Needle Biopsy (Diagnostic tissue biopsy procedure), As prescribed)","Anti-inflammatory dietary protocol; Adequate hydration (2.5L daily); Targeted nutritional supplementation","Consultant Dermatologist"
IMG_075.jpg,"Pneumoperitoneum (Free Air Under Diaphragm) [Dataset Training Specimen #75]","Abdominal & Dental Radiography",98.3,Severe,"Crescentic radiolucent air collection under right hemidiaphragm on upright chest/abdominal radiograph. Verified medical training sample image reference IMG_075.jpg.","Chilaiditi Sign; Subdiaphragmatic Abscess; Post-laparoscopy state","Emergent exploratory laparotomy; Broad-spectrum IV antibiotics","Emergency Exploratory Laparotomy + IV Piperacillin-Tazobactam (Standard application, As prescribed)","Anti-inflammatory dietary protocol; Adequate hydration (2.5L daily); Targeted nutritional supplementation","Consultant Radiologist / Orthopedic Surgeon"
IMG_076.jpg,"Basal Cell Carcinoma (Superficial) [Dataset Training Specimen #76]","Dermatopathology",93.6,Moderate,"Translucent, pearly nodule with fine telangiectasias and rolled borders on sun-exposed skin. Verified medical training sample image reference IMG_076.jpg.","Squamous Cell Carcinoma; Intradermal Nevus; Actinic Keratosis","Avoid UV exposure; Schedule punch biopsy; Apply SPF 50+","Imiquimod 5% Cream (Thin film,  5x/week)","Anti-inflammatory dietary protocol; Adequate hydration (2.5L daily); Targeted nutritional supplementation","Consultant Dermatologist"
IMG_077.jpg,"Melanoma (In Situ / Early Stage) [Dataset Training Specimen #77]","Cutaneous Oncology",96.7,Severe,"Malignant neoplasm of melanocytes with asymmetrical borders, dark color variation, diameter >6mm. Verified medical training sample image reference IMG_077.jpg.","Atypical Dysplastic Nevus; Seborrheic Keratosis; Pigmented BCC","Schedule urgent wide excision; Avoid tanning; Monthly self-exams","Wide Local Surgical Excision (Standard of care,  Single procedure)","Anti-inflammatory dietary protocol; Adequate hydration (2.5L daily); Targeted nutritional supplementation","Surgical Oncologist / Dermatopathologist"
IMG_078.jpg,"Psoriasis Vulgaris [Dataset Training Specimen #78]","Dermatology",92,Moderate,"Erythematous plaques covered with silvery-white lamellar scales on extensor surfaces. Verified medical training sample image reference IMG_078.jpg.","Atopic Dermatitis; Tinea Corporis; Lichen Planus","Emollient lubrication; Avoid Koebner trauma; Monitor joints","Calcipotriene 0.005% Ointment (Thin layer,  Twice daily)","Anti-inflammatory dietary protocol; Adequate hydration (2.5L daily); Targeted nutritional supplementation","Consultant Dermatologist"
IMG_079.jpg,"Atopic Dermatitis (Eczema Flare) [Dataset Training Specimen #79]","Dermatology",95.1,Low,"Pruritic, patchy erythema with scaling, flexural lichenification, and epidermal barrier defect. Verified medical training sample image reference IMG_079.jpg.","Contact Dermatitis; Seborrheic Dermatitis; Nummular Eczema","Gentle fragrance-free soaps; Apply ceramic moisturizer; Control room humidity","Hydrocortisone 1% Cream (Thin layer,  Twice daily)","Anti-inflammatory dietary protocol; Adequate hydration (2.5L daily); Targeted nutritional supplementation","Consultant Dermatologist"
IMG_080.jpg,"Actinic Keratosis [Dataset Training Specimen #80]","Dermatopathology",98.2,Moderate,"Pre-cancerous rough, scaly, hyperkeratotic papule arising on chronically sun-damaged dermal surfaces. Verified medical training sample image reference IMG_080.jpg.","Squamous Cell Carcinoma in situ; Seborrheic Keratosis; Discoid Lupus","Wear wide-brimmed protective hat; Monitor rapid growth; Sunscreen daily","Fluorouracil 5% Topical Cream (Apply twice daily,  3-4 weeks))","Anti-inflammatory dietary protocol; Adequate hydration (2.5L daily); Targeted nutritional supplementation","Consultant Dermatologist"
IMG_081.jpg,"Tinea Corporis (Ringworm) [Dataset Training Specimen #81]","Infectious Pathology",93.5,Low,"Annular erythematous plaque with raised scaly leading edge and central clearing. Verified medical training sample image reference IMG_081.jpg.","Pityriasis Rosea; Nummular Eczema; Erythema Annulare Centrifugum","Keep skin folds dry; Do not share linens or towels; Hot wash clothing","Terbinafine 1% Cream (Apply lesion + 2cm border,  Twice daily)","Anti-inflammatory dietary protocol; Adequate hydration (2.5L daily); Targeted nutritional supplementation","Consultant Dermatologist"
IMG_082.jpg,"Seborrheic Keratosis [Dataset Training Specimen #82]","Dermatology",96.6,Low,"Benign waxy brown or black stuck-on epidermal papule with comedo-like openings. Verified medical training sample image reference IMG_082.jpg.","Melanoma; Pigmented BCC; Verruca Vulgaris","Reassure patient; Avoid mechanical scratching or trauma","Cryotherapy with liquid nitrogen (Cosmetic indication,  Single session))","Anti-inflammatory dietary protocol; Adequate hydration (2.5L daily); Targeted nutritional supplementation","Consultant Dermatologist"
IMG_083.jpg,"Squamous Cell Carcinoma [Dataset Training Specimen #83]","Cutaneous Oncology",99.7,High,"Firm hyperkeratotic erythematous nodule with central cutaneous ulceration or crusting. Verified medical training sample image reference IMG_083.jpg.","Basal Cell Carcinoma; Keratoacanthoma; Actinic Keratosis","Urgent histopathology evaluation; Complete excision margin assessment","Mohs Micrographic Surgery (Margin controlled excision,  Single procedure))","Anti-inflammatory dietary protocol; Adequate hydration (2.5L daily); Targeted nutritional supplementation","Surgical Oncologist / Dermatopathologist"
IMG_084.jpg,"Dysplastic Nevus (Atypical Mole) [Dataset Training Specimen #84]","Dermatopathology",95,Moderate,"Atypical melanocytic lesion with irregular pigmentation, variable shades, ill-defined margin. Verified medical training sample image reference IMG_084.jpg.","Cutaneous Melanoma; Compound Nevus; Seborrheic Keratosis","Sequential digital dermoscopy; Excision if ABCDE evolution noted","Excisional Biopsy (Diagnostic procedure,  2mm margin)","Anti-inflammatory dietary protocol; Adequate hydration (2.5L daily); Targeted nutritional supplementation","Consultant Dermatologist"
IMG_085.jpg,"Alopecia Areata [Dataset Training Specimen #85]","Hair & Nail Pathology",98.1,Moderate,"Autoimmune patch hair loss featuring smooth round patches with exclamation-mark hair follicles. Verified medical training sample image reference IMG_085.jpg.","Tinea Capitis; Trichotillomania; Telogen Effluvium","Scalp sunscreen protection; Gentle hair grooming; Reassurance","Triamcinolone Acetonide 10mg/ml (Intralesional injection,  Every 4 weeks))","Anti-inflammatory dietary protocol; Adequate hydration (2.5L daily); Targeted nutritional supplementation","Consultant Dermatologist"
IMG_086.jpg,"Vitiligo (Generalized) [Dataset Training Specimen #86]","Pigmentary Disorders",93.4,Moderate,"Autoimmune depigmented chalk-white macules due to complete loss of epidermal melanocytes. Verified medical training sample image reference IMG_086.jpg.","Pityriasis Alba; Tinea Versicolor; Post-inflammatory Hypopigmentation","Apply strict sunblock; Tacrolimus ointment application; Avoid friction","Tacrolimus 0.1% Ointment (Apply to depigmented zones,  Twice daily)","Anti-inflammatory dietary protocol; Adequate hydration (2.5L daily); Targeted nutritional supplementation","Consultant Dermatologist"
IMG_087.jpg,"Rosacea (Erythematotelangiectatic) [Dataset Training Specimen #87]","Dermatology",96.5,Low,"Central facial erythema, flushing, telangiectasia, and skin sensitivity triggered by hot drinks/spicy food. Verified medical training sample image reference IMG_087.jpg.","Systemic Lupus Erythematosus; Acne Vulgaris; Seborrheic Dermatitis","Avoid spicy food, caffeine, hot showers; Use mild barrier cleanser","Metronidazole 0.75% Gel (Apply thin layer,  Twice daily)","Anti-inflammatory dietary protocol; Adequate hydration (2.5L daily); Targeted nutritional supplementation","Consultant Dermatologist"
IMG_088.jpg,"Bullous Pemphigoid [Dataset Training Specimen #88]","Autoimmune & Inflammatory",99.6,Severe,"Tense subepidermal bullae on erythematous urticarial base with IgG antibasement antibody. Verified medical training sample image reference IMG_088.jpg.","Pemphigus Vulgaris; Epidermolysis Bullosa Acquisita; Linear IgA","Wound care for eroded bullae; Infection surveillance; Avoid friction","Clobetasol Propionate 0.05% Ointment (High potency,  Twice daily)","Anti-inflammatory dietary protocol; Adequate hydration (2.5L daily); Targeted nutritional supplementation","Consultant Dermatologist"
IMG_089.jpg,"Lichen Planus [Dataset Training Specimen #89]","Autoimmune & Inflammatory",94.9,Moderate,"Pruritic, purple, polygonal, planar papules with fine white Wickham striae on flexors and mucosa. Verified medical training sample image reference IMG_089.jpg.","Psoriasis; Graft vs Host Disease; Secondary Syphilis","Avoid scratching; Mucosal oral hygiene; Avoid drug triggers","Betamethasone Dipropionate 0.05% (Topical application,  Twice daily)","Anti-inflammatory dietary protocol; Adequate hydration (2.5L daily); Targeted nutritional supplementation","Consultant Dermatologist"
IMG_090.jpg,"Contact Dermatitis (Allergic Nickel) [Dataset Training Specimen #90]","Allergic & Contact Dermatoses",98,Low,"Erythematous vesicular rash strictly localized to contact zones (belt buckle, jewelry, snaps). Verified medical training sample image reference IMG_090.jpg.","Irritant Dermatitis; Atopic Dermatitis; Scabies","Eliminate nickel jewelry/metals; Use leather buckles; Apply barrier cream","Triamcinolone 0.1% Cream (Apply to affected zone,  Twice daily)","Anti-inflammatory dietary protocol; Adequate hydration (2.5L daily); Targeted nutritional supplementation","Consultant Dermatologist"
IMG_091.jpg,"Molluscum Contagiosum [Dataset Training Specimen #91]","Infectious Pathology",93.3,Low,"Poxvirus smooth umbilicated dome-shaped flesh-colored papules in children/immunocompromised. Verified medical training sample image reference IMG_091.jpg.","Verruca Vulgaris; Cryptococcosis; Syringoma","Avoid sharing bath towels; Do not squeeze lesions; Reassure parents","Cantharidin 0.7% Solution (In-clinic topical application,  Single procedure))","Anti-inflammatory dietary protocol; Adequate hydration (2.5L daily); Targeted nutritional supplementation","Consultant Dermatologist"
IMG_092.jpg,"Scabies Infection (Sarcoptes) [Dataset Training Specimen #92]","Infectious Pathology",96.4,Moderate,"Intense nocturnal pruritus with interdigital burrows, erythematous papules, secondary crusts. Verified medical training sample image reference IMG_092.jpg.","Atopic Dermatitis; Insect Bites; Dyshidrotic Eczema","Treat all household contacts simultaneously; Wash bedding in hot water","Permethrin 5% Cream (Massage neck to toes,  Leave 12h)","Anti-inflammatory dietary protocol; Adequate hydration (2.5L daily); Targeted nutritional supplementation","Consultant Dermatologist"
IMG_093.jpg,"Hidradenitis Suppurativa (Hurley II) [Dataset Training Specimen #93]","Autoimmune & Inflammatory",99.5,High,"Recurrent inflammatory painful nodules, sinus tracts, and scarring in axillary/inguinal apocrine zones. Verified medical training sample image reference IMG_093.jpg.","Furunculosis; Lymphadenitis; Crohn Cutaneous Disease","Loose breathable clothing; Weight management; Warm compresses","Adalimumab 40mg (Subcutaneous injection,  Weekly)","Anti-inflammatory dietary protocol; Adequate hydration (2.5L daily); Targeted nutritional supplementation","Consultant Dermatologist"
IMG_094.jpg,"Erythema Nodosum [Dataset Training Specimen #94]","Autoimmune & Inflammatory",94.8,Moderate,"Tender subcutaneous erythematous nodules on anterior shins associated with sarcoidosis/strep. Verified medical training sample image reference IMG_094.jpg.","Panniculitis; Superficial Thrombophlebitis; Cellulitis","Leg elevation; Rest during acute phase; Screen underlying cause","Naproxen 500mg (Oral tablet,  Twice daily)","Anti-inflammatory dietary protocol; Adequate hydration (2.5L daily); Targeted nutritional supplementation","Consultant Dermatologist"
IMG_095.jpg,"Pityriasis Rosea [Dataset Training Specimen #95]","Dermatology",97.9,Low,"Initial herald patch followed by Christmas-tree distribution of oval salmon-pink scaly lesions. Verified medical training sample image reference IMG_095.jpg.","Secondary Syphilis; Tinea Versicolor; Guttate Psoriasis","Reassurance of self-limiting course (6-8 weeks); Lukewarm baths","Calamine Lotion & Cetirizine 10mg (Apply topically / 1 tab daily for itch), As prescribed)","Anti-inflammatory dietary protocol; Adequate hydration (2.5L daily); Targeted nutritional supplementation","Consultant Dermatologist"
IMG_096.jpg,"Cutaneous Lupus Erythematosus (Malar) [Dataset Training Specimen #96]","Autoimmune & Inflammatory",93.2,High,"Fixed erythematous malar rash sparing nasolabial folds, exacerbated by solar exposure. Verified medical training sample image reference IMG_096.jpg.","Rosacea; Seborrheic Dermatitis; Dermatomyositis","Strict photoprotection UV filter; ANA test screening; Avoid heat","Hydroxychloroquine 200mg (Oral tablet,  Twice daily)","Anti-inflammatory dietary protocol; Adequate hydration (2.5L daily); Targeted nutritional supplementation","Consultant Dermatologist"
IMG_097.jpg,"Kaposi Sarcoma (Classic/HIV) [Dataset Training Specimen #97]","Cutaneous Oncology",96.3,Severe,"HHV-8 driven violaceous vascular macules, plaques, and lesions on lower limbs or mucosa. Verified medical training sample image reference IMG_097.jpg.","Bacillary Angiomatosis; Angiosarcoma; Hematoma","Immunological evaluation (CD4/Viral load); Protect from trauma","Antiretroviral Therapy + Liposomal Doxorubicin (Systemic chemotherapy regimen), As prescribed)","Anti-inflammatory dietary protocol; Adequate hydration (2.5L daily); Targeted nutritional supplementation","Surgical Oncologist / Dermatopathologist"
IMG_098.jpg,"Merkel Cell Carcinoma [Dataset Training Specimen #98]","Cutaneous Oncology",99.4,Severe,"Rapidly growing painless violaceous solitary dermal nodule on head/neck in elderly. Verified medical training sample image reference IMG_098.jpg.","Basal Cell Carcinoma; Metastatic Carcinoma; Lymphoma","Urgent wide excision & sentinel lymph node biopsy; Radiation consultation","Pembrolizumab / Avelumab (Immunotherapy infusion,  Every 2-3 weeks))","Anti-inflammatory dietary protocol; Adequate hydration (2.5L daily); Targeted nutritional supplementation","Surgical Oncologist / Dermatopathologist"
IMG_099.jpg,"Keratoacanthoma [Dataset Training Specimen #99]","Dermatopathology",94.7,Moderate,"Dome-shaped rapidly expanding tumor with central hyperkeratotic crateriform central plug. Verified medical training sample image reference IMG_099.jpg.","Squamous Cell Carcinoma; Verruca Vulgaris; Basal Cell Carcinoma","Excisional biopsy required due to SCC histopath overlap","Complete Surgical Excision (Full depth margin excision,  Single procedure))","Anti-inflammatory dietary protocol; Adequate hydration (2.5L daily); Targeted nutritional supplementation","Consultant Dermatologist"
IMG_100.jpg,"Infantile Hemangioma [Dataset Training Specimen #100]","Vascular Lesions",97.8,Low,"Bright red strawberry-like vascular nodule proliferating in early infancy, self-involuting. Verified medical training sample image reference IMG_100.jpg.","Port-wine Stain; Vascular Malformation; Pyogenic Granuloma","Monitor growth near eye/airway; Reassure parents on involution","Propranolol 2mg/kg/day (Oral solution,  Divided doses)","Anti-inflammatory dietary protocol; Adequate hydration (2.5L daily); Targeted nutritional supplementation","Consultant Dermatologist"
IMG_101.jpg,"Viral Pneumonia (Chest X-Ray) [Dataset Training Specimen #101]","Chest X-Ray & Pulmonology",93.1,Severe,"Bilateral diffuse interstitial infiltrates and peribronchial thickening visible on posterior-anterior chest radiograph. Verified medical training sample image reference IMG_101.jpg.","Bacterial Pneumonia; Pulmonary Edema; COVID-19 Pneumonitis","Oxygen saturation monitoring; Isolation protocol; Sputum culture","Azithromycin 500mg (Oral tablet,  Once daily)","Anti-inflammatory dietary protocol; Adequate hydration (2.5L daily); Targeted nutritional supplementation","Consultant Radiologist / Orthopedic Surgeon"
IMG_102.jpg,"Pulmonary Tuberculosis (Chest Radiograph) [Dataset Training Specimen #102]","Chest X-Ray & Pulmonology",96.2,Severe,"Upper lobe apical cavitary lesion with focal consolidations and mediastinal lymphadenopathy on chest X-ray. Verified medical training sample image reference IMG_102.jpg.","Lung Abscess; Fungal Infection; Bronchogenic Carcinoma","Airborne isolation; Acid-fast bacilli stain; Report to public health","Rifampin + Isoniazid + Pyrazinamide + Ethambutol (Quadruple RIPE regimen,  2 months))","Anti-inflammatory dietary protocol; Adequate hydration (2.5L daily); Targeted nutritional supplementation","Consultant Radiologist / Orthopedic Surgeon"
IMG_103.jpg,"Pneumothorax (Right Hemithorax X-Ray) [Dataset Training Specimen #103]","Chest X-Ray & Pulmonology",99.3,Severe,"Visceral pleural line detachment with absence of peripheral lung markings in right upper zone on erect X-ray. Verified medical training sample image reference IMG_103.jpg.","Giant Bulla; Pulmonary Embolism; Pleurisy","Urgent needle decompression if tension features; Avoid high altitude air travel","Intercostal Chest Tube Insertion (Tube thoracostomy drainage procedure), As prescribed)","Anti-inflammatory dietary protocol; Adequate hydration (2.5L daily); Targeted nutritional supplementation","Consultant Radiologist / Orthopedic Surgeon"
IMG_104.jpg,"Cardiomegaly & Pulmonary Congestion [Dataset Training Specimen #104]","Chest X-Ray & Pulmonology",94.6,High,"Enlarged cardiac silhouette with cardio-thoracic ratio >0.50, Kerley B lines, and vascular cephalization on erect CXR. Verified medical training sample image reference IMG_104.jpg.","Pericardial Effusion; Heart Failure; Dilated Cardiomyopathy","Sodium fluid restriction; Daily weight monitoring; ECG evaluation","Furosemide 40mg (Oral/IV loop diuretic,  Daily morning dose))","Anti-inflammatory dietary protocol; Adequate hydration (2.5L daily); Targeted nutritional supplementation","Consultant Radiologist / Orthopedic Surgeon"
IMG_105.jpg,"Atelectasis (Left Lower Lobe Collapse) [Dataset Training Specimen #105]","Chest X-Ray & Pulmonology",97.7,Moderate,"Increased opacity with volume loss, elevation of left hemidiaphragm, and ipsilateral tracheal deviation on CXR. Verified medical training sample image reference IMG_105.jpg.","Pleural Effusion; Pneumonic Consolidation; Foreign Body Aspiration","Chest physiotherapy; Deep breathing incentive spirometry","Bronchodilator Albuterol Nebulization (4x/day as needed), As prescribed)","Anti-inflammatory dietary protocol; Adequate hydration (2.5L daily); Targeted nutritional supplementation","Consultant Radiologist / Orthopedic Surgeon"
IMG_106.jpg,"Pleural Effusion (Bilateral Basal) [Dataset Training Specimen #106]","Chest X-Ray & Pulmonology",93,High,"Blunting of costophrenic angles with meniscus sign and homogeneous fluid opacity in lower lung zones. Verified medical training sample image reference IMG_106.jpg.","Empyema; Hemothorax; Congestive Heart Failure","Diagnostic thoracentesis; Pleural fluid protein/LDH analysis","Therapeutic Thoracentesis drainage (Single clinical procedure), As prescribed)","Anti-inflammatory dietary protocol; Adequate hydration (2.5L daily); Targeted nutritional supplementation","Consultant Radiologist / Orthopedic Surgeon"
IMG_107.jpg,"COVID-19 Ground-Glass Opacities [Dataset Training Specimen #107]","Chest X-Ray & Pulmonology",96.1,Severe,"Bilateral peripheral and basal ground-glass attenuation with multi-focal air-space consolidations on chest X-ray. Verified medical training sample image reference IMG_107.jpg.","Influenza Pneumonia; Mycoplasma Pneumonia; Acute Respiratory Distress","Pulse oximetry monitoring; Proning positioning; Corticosteroid assessment","Dexamethasone 6mg (Oral/IV daily,  10 days for oxygen support))","Anti-inflammatory dietary protocol; Adequate hydration (2.5L daily); Targeted nutritional supplementation","Consultant Radiologist / Orthopedic Surgeon"
IMG_108.jpg,"Chronic Obstructive Pulmonary Disease (COPD) [Dataset Training Specimen #108]","Chest X-Ray & Pulmonology",99.2,Moderate,"Hyperinflated lung fields, flattened diaphragmatic domes, retrosternal space widening, and attenuated vessels. Verified medical training sample image reference IMG_108.jpg.","Asthma Exacerbation; Emphysema; Bronchiectasis","Smoking cessation; Pneumococcal & Influenza vaccination","Tiotropium Inhaler 18mcg (Dry powder inhalation,  Once daily morning))","Anti-inflammatory dietary protocol; Adequate hydration (2.5L daily); Targeted nutritional supplementation","Consultant Radiologist / Orthopedic Surgeon"
IMG_109.jpg,"Solitary Pulmonary Nodule (Coin Lesion) [Dataset Training Specimen #109]","Chest X-Ray & Pulmonology",94.5,Moderate,"Well-circumscribed radiopaque nodule <3cm in right upper lobe without calcification on high-resolution CXR. Verified medical training sample image reference IMG_109.jpg.","Granuloma; Hamartoma; Primary Bronchogenic Adenocarcinoma","Compare prior CXRs; High-resolution chest CT scan scheduling","Chest CT with IV Contrast & PET-CT evaluation (Standard application, As prescribed)","Anti-inflammatory dietary protocol; Adequate hydration (2.5L daily); Targeted nutritional supplementation","Consultant Radiologist / Orthopedic Surgeon"
IMG_110.jpg,"Idiopathic Pulmonary Fibrosis [Dataset Training Specimen #110]","Chest X-Ray & Pulmonology",97.6,Severe,"Bilateral reticular subpleural opacities with honeycombing appearance and traction bronchiectasis. Verified medical training sample image reference IMG_110.jpg.","Asbestosis; Sarcoidosis; Connective Tissue Lung Disease","Pulmonary function test (PFT); Avoid environmental irritants","Pirfenidone / Nintedanib 200mg (Anti-fibrotic daily oral therapy), As prescribed)","Anti-inflammatory dietary protocol; Adequate hydration (2.5L daily); Targeted nutritional supplementation","Consultant Radiologist / Orthopedic Surgeon"
IMG_111.jpg,"Distal Radius Colles Fracture [Dataset Training Specimen #111]","Bone & Skeletal Radiography",92.9,High,"Extra-articular fracture of distal radial metaphysis with dorsal displacement and angulation (dinner-fork deformity). Verified medical training sample image reference IMG_111.jpg.","Smith Fracture; Scaphoid Fracture; Radiocarpal Dislocation","Immobilize in volar splint; Neurovascular examination of distal hand","Closed Reduction + Short Arm Fiberglass Cast (Immobilization 6 weeks), As prescribed)","Anti-inflammatory dietary protocol; Adequate hydration (2.5L daily); Targeted nutritional supplementation","Consultant Radiologist / Orthopedic Surgeon"
IMG_112.jpg,"Femoral Neck Fracture (Displaced) [Dataset Training Specimen #112]","Bone & Skeletal Radiography",96,Severe,"Cortical disruption and impaction of left intracapsular femoral neck with shortening on pelvic AP X-ray. Verified medical training sample image reference IMG_112.jpg.","Intertrochanteric Fracture; Pubic Ramus Fracture; Acetabular Fracture","Non-weight bearing status; Thromboembolism prophylaxis","Hemiarthroplasty / Total Hip Arthroplasty (Orthopedic surgery procedure), As prescribed)","Anti-inflammatory dietary protocol; Adequate hydration (2.5L daily); Targeted nutritional supplementation","Consultant Radiologist / Orthopedic Surgeon"
IMG_113.jpg,"Osteoarthritis (Knee Joint Space Narrowing) [Dataset Training Specimen #113]","Bone & Skeletal Radiography",99.1,Moderate,"Asymmetric medial compartment joint space narrowing, subchondral sclerosis, and marginal osteophytes on weight-bearing knee X-ray. Verified medical training sample image reference IMG_113.jpg.","Rheumatoid Arthritis; Gouty Arthropathy; Meniscal Tear","Low-impact quadriceps strengthening; Weight management","Meloxicam 15mg (Oral NSAID tablet,  Once daily with meal))","Anti-inflammatory dietary protocol; Adequate hydration (2.5L daily); Targeted nutritional supplementation","Consultant Radiologist / Orthopedic Surgeon"
IMG_114.jpg,"Vertebral Compression Fracture (L2 Spine) [Dataset Training Specimen #114]","Bone & Skeletal Radiography",94.4,High,"Anterior vertebral body height loss >25% with cortical endplate disruption on lateral lumbar spine radiograph. Verified medical training sample image reference IMG_114.jpg.","Metastatic Bone Lesion; Multiple Myeloma; Discitis","Rigid thoracolumbar orthosis brace; DXA bone mineral density test","Calcitonin / Teriparatide + Calcium 1200mg & Vitamin D3 2000IU daily (Standard application, As prescribed)","Anti-inflammatory dietary protocol; Adequate hydration (2.5L daily); Targeted nutritional supplementation","Consultant Radiologist / Orthopedic Surgeon"
IMG_115.jpg,"Clavicle Shaft Mid-Third Fracture [Dataset Training Specimen #115]","Bone & Skeletal Radiography",97.5,Moderate,"Complete transverse fracture through middle third of clavicle with inferior displacement of distal fragment. Verified medical training sample image reference IMG_115.jpg.","Acromioclavicular Joint Separation; Sternoclavicular Dislocation","Figure-of-eight or sling immobilization; Avoid overhead shoulder lifting","Analgesic Acetaminophen 1000mg (Oral 3x/day as needed), As prescribed)","Anti-inflammatory dietary protocol; Adequate hydration (2.5L daily); Targeted nutritional supplementation","Consultant Radiologist / Orthopedic Surgeon"
IMG_116.jpg,"Ankle Bi-Malleolar Fracture [Dataset Training Specimen #116]","Bone & Skeletal Radiography",92.8,Severe,"Disruption of lateral malleolus and medial malleolus with talar tilt on mortise ankle radiograph. Verified medical training sample image reference IMG_116.jpg.","Uni-malleolar Fracture; High Fibular Maisonneuve Fracture","Non-weight bearing posterior splint; Elevate above heart level","Open Reduction and Internal Fixation (ORIF orthopedic surgery), As prescribed)","Anti-inflammatory dietary protocol; Adequate hydration (2.5L daily); Targeted nutritional supplementation","Consultant Radiologist / Orthopedic Surgeon"
IMG_117.jpg,"Osteomyelitis (Tibial Metaphysis) [Dataset Training Specimen #117]","Bone & Skeletal Radiography",95.9,Severe,"Cortical erosion, periosteal reaction, involucrum formation, and focal radiolucency in proximal tibia. Verified medical training sample image reference IMG_117.jpg.","Ewing Sarcoma; Osteosarcoma; Bone Infarct","Parenteral antibiotic therapy; Non-weight bearing on affected limb","Vancomycin / Cefepime IV (Parenteral culture-guided antibiotics,  6 weeks))","Anti-inflammatory dietary protocol; Adequate hydration (2.5L daily); Targeted nutritional supplementation","Consultant Radiologist / Orthopedic Surgeon"
IMG_118.jpg,"Glenohumeral Anterior Dislocation [Dataset Training Specimen #118]","Bone & Skeletal Radiography",99,High,"Humeral head displaced subcoracoid anteriorly relative to glenoid fossa on scapular Y-view shoulder X-ray. Verified medical training sample image reference IMG_118.jpg.","Posterior Shoulder Dislocation; Rotator Cuff Tear; Greater Tuberosity Fracture","Prompt neurovascular axillary nerve evaluation; Post-reduction sling immobilization","Closed Shoulder Reduction under procedural sedation (Immediate procedure), As prescribed)","Anti-inflammatory dietary protocol; Adequate hydration (2.5L daily); Targeted nutritional supplementation","Consultant Radiologist / Orthopedic Surgeon"
IMG_119.jpg,"Calcaneal Fracture (Intra-Articular) [Dataset Training Specimen #119]","Bone & Skeletal Radiography",94.3,Severe,"Depression of posterior facet with Bohler angle reduction <20 degrees on lateral foot X-ray. Verified medical training sample image reference IMG_119.jpg.","Talus Fracture; Lisfranc Dislocation; Severe Ankle Sprain","Strict elevation to prevent skin blistering; Non-weight bearing","Surgical ORIF vs Non-operative casting depending on Bohler angle (Standard application, As prescribed)","Anti-inflammatory dietary protocol; Adequate hydration (2.5L daily); Targeted nutritional supplementation","Consultant Radiologist / Orthopedic Surgeon"
IMG_120.jpg,"Scaphoid Waist Fracture [Dataset Training Specimen #120]","Bone & Skeletal Radiography",97.4,High,"Radiolucent fracture line through scaphoid waist on dedicated scaphoid view radiograph. Verified medical training sample image reference IMG_120.jpg.","Radial Styloid Fracture; De Quervain Tenosynovitis; Triquetral Fracture","Thumb spica casting; High index suspicion for avascular necrosis","Thumb Spica Fiberglass Immobilization Cast (8-12 weeks duration), As prescribed)","Anti-inflammatory dietary protocol; Adequate hydration (2.5L daily); Targeted nutritional supplementation","Consultant Radiologist / Orthopedic Surgeon"
IMG_121.jpg,"Small Bowel Obstruction (Abdominal X-Ray) [Dataset Training Specimen #121]","Abdominal & Dental Radiography",92.7,Severe,"Central dilated small bowel loops >3cm with step-ladder air-fluid levels on erect abdominal X-ray. Verified medical training sample image reference IMG_121.jpg.","Paralytic Ileus; Large Bowel Obstruction; Volvulus","Nasogastric tube decompression; NPO bowel rest; Surgical consultation","IV Fluid Resuscitation + Surgical Laparotomy / Decompression (Standard application, As prescribed)","Anti-inflammatory dietary protocol; Adequate hydration (2.5L daily); Targeted nutritional supplementation","Consultant Radiologist / Orthopedic Surgeon"
IMG_122.jpg,"Renal Calculus / Kidney Stone (KUB Radiograph) [Dataset Training Specimen #122]","Abdominal & Dental Radiography",95.8,High,"Radiopaque 8mm calcification projected over right ureterovesical junction on KUB X-ray. Verified medical training sample image reference IMG_122.jpg.","Phlebolith; Gallstone; Mesenteric Lymph Node Calcification","Strain urine for stone analysis; Hydration >3 liters daily","Tamsulosin 0.4mg (Alpha-blocker capsule,  Once daily)","Anti-inflammatory dietary protocol; Adequate hydration (2.5L daily); Targeted nutritional supplementation","Consultant Radiologist / Orthopedic Surgeon"
IMG_123.jpg,"Periapical Dental Lesion (Mandibular Radiograph) [Dataset Training Specimen #123]","Abdominal & Dental Radiography",98.9,Moderate,"Well-defined radiolucency surrounding apex of lower first molar tooth on periapical dental X-ray. Verified medical training sample image reference IMG_123.jpg.","Radicular Cyst; Dentigerous Cyst; Periapical Granuloma","Avoid chewing on affected side; Maintain oral hygiene antiseptic rinse","Root Canal Treatment (Endodontic therapy) + Amoxicillin 500mg, As prescribed)","Anti-inflammatory dietary protocol; Adequate hydration (2.5L daily); Targeted nutritional supplementation","Consultant Radiologist / Orthopedic Surgeon"
IMG_124.jpg,"Mammographic Microcalcifications (Category BI-RADS 4) [Dataset Training Specimen #124]","Mammography & Soft Tissue",94.2,High,"Pleomorphic clustered microcalcifications in upper outer quadrant of right breast on MLO view mammogram. Verified medical training sample image reference IMG_124.jpg.","Fibroadenoma; Duct Ectasia; Invasive Ductal Carcinoma","Stereotactic core needle biopsy; Compare prior diagnostic mammograms","Stereotactic Core Needle Biopsy (Diagnostic tissue biopsy procedure), As prescribed)","Anti-inflammatory dietary protocol; Adequate hydration (2.5L daily); Targeted nutritional supplementation","Consultant Dermatologist"
IMG_125.jpg,"Pneumoperitoneum (Free Air Under Diaphragm) [Dataset Training Specimen #125]","Abdominal & Dental Radiography",97.3,Severe,"Crescentic radiolucent air collection under right hemidiaphragm on upright chest/abdominal radiograph. Verified medical training sample image reference IMG_125.jpg.","Chilaiditi Sign; Subdiaphragmatic Abscess; Post-laparoscopy state","Emergent exploratory laparotomy; Broad-spectrum IV antibiotics","Emergency Exploratory Laparotomy + IV Piperacillin-Tazobactam (Standard application, As prescribed)","Anti-inflammatory dietary protocol; Adequate hydration (2.5L daily); Targeted nutritional supplementation","Consultant Radiologist / Orthopedic Surgeon"
IMG_126.jpg,"Basal Cell Carcinoma (Superficial) [Dataset Training Specimen #126]","Dermatopathology",92.6,Moderate,"Translucent, pearly nodule with fine telangiectasias and rolled borders on sun-exposed skin. Verified medical training sample image reference IMG_126.jpg.","Squamous Cell Carcinoma; Intradermal Nevus; Actinic Keratosis","Avoid UV exposure; Schedule punch biopsy; Apply SPF 50+","Imiquimod 5% Cream (Thin film,  5x/week)","Anti-inflammatory dietary protocol; Adequate hydration (2.5L daily); Targeted nutritional supplementation","Consultant Dermatologist"
IMG_127.jpg,"Melanoma (In Situ / Early Stage) [Dataset Training Specimen #127]","Cutaneous Oncology",95.7,Severe,"Malignant neoplasm of melanocytes with asymmetrical borders, dark color variation, diameter >6mm. Verified medical training sample image reference IMG_127.jpg.","Atypical Dysplastic Nevus; Seborrheic Keratosis; Pigmented BCC","Schedule urgent wide excision; Avoid tanning; Monthly self-exams","Wide Local Surgical Excision (Standard of care,  Single procedure)","Anti-inflammatory dietary protocol; Adequate hydration (2.5L daily); Targeted nutritional supplementation","Surgical Oncologist / Dermatopathologist"
IMG_128.jpg,"Psoriasis Vulgaris [Dataset Training Specimen #128]","Dermatology",98.8,Moderate,"Erythematous plaques covered with silvery-white lamellar scales on extensor surfaces. Verified medical training sample image reference IMG_128.jpg.","Atopic Dermatitis; Tinea Corporis; Lichen Planus","Emollient lubrication; Avoid Koebner trauma; Monitor joints","Calcipotriene 0.005% Ointment (Thin layer,  Twice daily)","Anti-inflammatory dietary protocol; Adequate hydration (2.5L daily); Targeted nutritional supplementation","Consultant Dermatologist"
IMG_129.jpg,"Atopic Dermatitis (Eczema Flare) [Dataset Training Specimen #129]","Dermatology",94.1,Low,"Pruritic, patchy erythema with scaling, flexural lichenification, and epidermal barrier defect. Verified medical training sample image reference IMG_129.jpg.","Contact Dermatitis; Seborrheic Dermatitis; Nummular Eczema","Gentle fragrance-free soaps; Apply ceramic moisturizer; Control room humidity","Hydrocortisone 1% Cream (Thin layer,  Twice daily)","Anti-inflammatory dietary protocol; Adequate hydration (2.5L daily); Targeted nutritional supplementation","Consultant Dermatologist"
IMG_130.jpg,"Actinic Keratosis [Dataset Training Specimen #130]","Dermatopathology",97.2,Moderate,"Pre-cancerous rough, scaly, hyperkeratotic papule arising on chronically sun-damaged dermal surfaces. Verified medical training sample image reference IMG_130.jpg.","Squamous Cell Carcinoma in situ; Seborrheic Keratosis; Discoid Lupus","Wear wide-brimmed protective hat; Monitor rapid growth; Sunscreen daily","Fluorouracil 5% Topical Cream (Apply twice daily,  3-4 weeks))","Anti-inflammatory dietary protocol; Adequate hydration (2.5L daily); Targeted nutritional supplementation","Consultant Dermatologist"
IMG_131.jpg,"Tinea Corporis (Ringworm) [Dataset Training Specimen #131]","Infectious Pathology",92.5,Low,"Annular erythematous plaque with raised scaly leading edge and central clearing. Verified medical training sample image reference IMG_131.jpg.","Pityriasis Rosea; Nummular Eczema; Erythema Annulare Centrifugum","Keep skin folds dry; Do not share linens or towels; Hot wash clothing","Terbinafine 1% Cream (Apply lesion + 2cm border,  Twice daily)","Anti-inflammatory dietary protocol; Adequate hydration (2.5L daily); Targeted nutritional supplementation","Consultant Dermatologist"
IMG_132.jpg,"Seborrheic Keratosis [Dataset Training Specimen #132]","Dermatology",95.6,Low,"Benign waxy brown or black stuck-on epidermal papule with comedo-like openings. Verified medical training sample image reference IMG_132.jpg.","Melanoma; Pigmented BCC; Verruca Vulgaris","Reassure patient; Avoid mechanical scratching or trauma","Cryotherapy with liquid nitrogen (Cosmetic indication,  Single session))","Anti-inflammatory dietary protocol; Adequate hydration (2.5L daily); Targeted nutritional supplementation","Consultant Dermatologist"
IMG_133.jpg,"Squamous Cell Carcinoma [Dataset Training Specimen #133]","Cutaneous Oncology",98.7,High,"Firm hyperkeratotic erythematous nodule with central cutaneous ulceration or crusting. Verified medical training sample image reference IMG_133.jpg.","Basal Cell Carcinoma; Keratoacanthoma; Actinic Keratosis","Urgent histopathology evaluation; Complete excision margin assessment","Mohs Micrographic Surgery (Margin controlled excision,  Single procedure))","Anti-inflammatory dietary protocol; Adequate hydration (2.5L daily); Targeted nutritional supplementation","Surgical Oncologist / Dermatopathologist"
IMG_134.jpg,"Dysplastic Nevus (Atypical Mole) [Dataset Training Specimen #134]","Dermatopathology",94,Moderate,"Atypical melanocytic lesion with irregular pigmentation, variable shades, ill-defined margin. Verified medical training sample image reference IMG_134.jpg.","Cutaneous Melanoma; Compound Nevus; Seborrheic Keratosis","Sequential digital dermoscopy; Excision if ABCDE evolution noted","Excisional Biopsy (Diagnostic procedure,  2mm margin)","Anti-inflammatory dietary protocol; Adequate hydration (2.5L daily); Targeted nutritional supplementation","Consultant Dermatologist"
IMG_135.jpg,"Alopecia Areata [Dataset Training Specimen #135]","Hair & Nail Pathology",97.1,Moderate,"Autoimmune patch hair loss featuring smooth round patches with exclamation-mark hair follicles. Verified medical training sample image reference IMG_135.jpg.","Tinea Capitis; Trichotillomania; Telogen Effluvium","Scalp sunscreen protection; Gentle hair grooming; Reassurance","Triamcinolone Acetonide 10mg/ml (Intralesional injection,  Every 4 weeks))","Anti-inflammatory dietary protocol; Adequate hydration (2.5L daily); Targeted nutritional supplementation","Consultant Dermatologist"
IMG_136.jpg,"Vitiligo (Generalized) [Dataset Training Specimen #136]","Pigmentary Disorders",92.4,Moderate,"Autoimmune depigmented chalk-white macules due to complete loss of epidermal melanocytes. Verified medical training sample image reference IMG_136.jpg.","Pityriasis Alba; Tinea Versicolor; Post-inflammatory Hypopigmentation","Apply strict sunblock; Tacrolimus ointment application; Avoid friction","Tacrolimus 0.1% Ointment (Apply to depigmented zones,  Twice daily)","Anti-inflammatory dietary protocol; Adequate hydration (2.5L daily); Targeted nutritional supplementation","Consultant Dermatologist"
IMG_137.jpg,"Rosacea (Erythematotelangiectatic) [Dataset Training Specimen #137]","Dermatology",95.5,Low,"Central facial erythema, flushing, telangiectasia, and skin sensitivity triggered by hot drinks/spicy food. Verified medical training sample image reference IMG_137.jpg.","Systemic Lupus Erythematosus; Acne Vulgaris; Seborrheic Dermatitis","Avoid spicy food, caffeine, hot showers; Use mild barrier cleanser","Metronidazole 0.75% Gel (Apply thin layer,  Twice daily)","Anti-inflammatory dietary protocol; Adequate hydration (2.5L daily); Targeted nutritional supplementation","Consultant Dermatologist"
IMG_138.jpg,"Bullous Pemphigoid [Dataset Training Specimen #138]","Autoimmune & Inflammatory",98.6,Severe,"Tense subepidermal bullae on erythematous urticarial base with IgG antibasement antibody. Verified medical training sample image reference IMG_138.jpg.","Pemphigus Vulgaris; Epidermolysis Bullosa Acquisita; Linear IgA","Wound care for eroded bullae; Infection surveillance; Avoid friction","Clobetasol Propionate 0.05% Ointment (High potency,  Twice daily)","Anti-inflammatory dietary protocol; Adequate hydration (2.5L daily); Targeted nutritional supplementation","Consultant Dermatologist"
IMG_139.jpg,"Lichen Planus [Dataset Training Specimen #139]","Autoimmune & Inflammatory",93.9,Moderate,"Pruritic, purple, polygonal, planar papules with fine white Wickham striae on flexors and mucosa. Verified medical training sample image reference IMG_139.jpg.","Psoriasis; Graft vs Host Disease; Secondary Syphilis","Avoid scratching; Mucosal oral hygiene; Avoid drug triggers","Betamethasone Dipropionate 0.05% (Topical application,  Twice daily)","Anti-inflammatory dietary protocol; Adequate hydration (2.5L daily); Targeted nutritional supplementation","Consultant Dermatologist"
IMG_140.jpg,"Contact Dermatitis (Allergic Nickel) [Dataset Training Specimen #140]","Allergic & Contact Dermatoses",97,Low,"Erythematous vesicular rash strictly localized to contact zones (belt buckle, jewelry, snaps). Verified medical training sample image reference IMG_140.jpg.","Irritant Dermatitis; Atopic Dermatitis; Scabies","Eliminate nickel jewelry/metals; Use leather buckles; Apply barrier cream","Triamcinolone 0.1% Cream (Apply to affected zone,  Twice daily)","Anti-inflammatory dietary protocol; Adequate hydration (2.5L daily); Targeted nutritional supplementation","Consultant Dermatologist"
IMG_141.jpg,"Molluscum Contagiosum [Dataset Training Specimen #141]","Infectious Pathology",92.3,Low,"Poxvirus smooth umbilicated dome-shaped flesh-colored papules in children/immunocompromised. Verified medical training sample image reference IMG_141.jpg.","Verruca Vulgaris; Cryptococcosis; Syringoma","Avoid sharing bath towels; Do not squeeze lesions; Reassure parents","Cantharidin 0.7% Solution (In-clinic topical application,  Single procedure))","Anti-inflammatory dietary protocol; Adequate hydration (2.5L daily); Targeted nutritional supplementation","Consultant Dermatologist"
IMG_142.jpg,"Scabies Infection (Sarcoptes) [Dataset Training Specimen #142]","Infectious Pathology",95.4,Moderate,"Intense nocturnal pruritus with interdigital burrows, erythematous papules, secondary crusts. Verified medical training sample image reference IMG_142.jpg.","Atopic Dermatitis; Insect Bites; Dyshidrotic Eczema","Treat all household contacts simultaneously; Wash bedding in hot water","Permethrin 5% Cream (Massage neck to toes,  Leave 12h)","Anti-inflammatory dietary protocol; Adequate hydration (2.5L daily); Targeted nutritional supplementation","Consultant Dermatologist"
IMG_143.jpg,"Hidradenitis Suppurativa (Hurley II) [Dataset Training Specimen #143]","Autoimmune & Inflammatory",98.5,High,"Recurrent inflammatory painful nodules, sinus tracts, and scarring in axillary/inguinal apocrine zones. Verified medical training sample image reference IMG_143.jpg.","Furunculosis; Lymphadenitis; Crohn Cutaneous Disease","Loose breathable clothing; Weight management; Warm compresses","Adalimumab 40mg (Subcutaneous injection,  Weekly)","Anti-inflammatory dietary protocol; Adequate hydration (2.5L daily); Targeted nutritional supplementation","Consultant Dermatologist"
IMG_144.jpg,"Erythema Nodosum [Dataset Training Specimen #144]","Autoimmune & Inflammatory",93.8,Moderate,"Tender subcutaneous erythematous nodules on anterior shins associated with sarcoidosis/strep. Verified medical training sample image reference IMG_144.jpg.","Panniculitis; Superficial Thrombophlebitis; Cellulitis","Leg elevation; Rest during acute phase; Screen underlying cause","Naproxen 500mg (Oral tablet,  Twice daily)","Anti-inflammatory dietary protocol; Adequate hydration (2.5L daily); Targeted nutritional supplementation","Consultant Dermatologist"
IMG_145.jpg,"Pityriasis Rosea [Dataset Training Specimen #145]","Dermatology",96.9,Low,"Initial herald patch followed by Christmas-tree distribution of oval salmon-pink scaly lesions. Verified medical training sample image reference IMG_145.jpg.","Secondary Syphilis; Tinea Versicolor; Guttate Psoriasis","Reassurance of self-limiting course (6-8 weeks); Lukewarm baths","Calamine Lotion & Cetirizine 10mg (Apply topically / 1 tab daily for itch), As prescribed)","Anti-inflammatory dietary protocol; Adequate hydration (2.5L daily); Targeted nutritional supplementation","Consultant Dermatologist"
IMG_146.jpg,"Cutaneous Lupus Erythematosus (Malar) [Dataset Training Specimen #146]","Autoimmune & Inflammatory",92.2,High,"Fixed erythematous malar rash sparing nasolabial folds, exacerbated by solar exposure. Verified medical training sample image reference IMG_146.jpg.","Rosacea; Seborrheic Dermatitis; Dermatomyositis","Strict photoprotection UV filter; ANA test screening; Avoid heat","Hydroxychloroquine 200mg (Oral tablet,  Twice daily)","Anti-inflammatory dietary protocol; Adequate hydration (2.5L daily); Targeted nutritional supplementation","Consultant Dermatologist"
IMG_147.jpg,"Kaposi Sarcoma (Classic/HIV) [Dataset Training Specimen #147]","Cutaneous Oncology",95.3,Severe,"HHV-8 driven violaceous vascular macules, plaques, and lesions on lower limbs or mucosa. Verified medical training sample image reference IMG_147.jpg.","Bacillary Angiomatosis; Angiosarcoma; Hematoma","Immunological evaluation (CD4/Viral load); Protect from trauma","Antiretroviral Therapy + Liposomal Doxorubicin (Systemic chemotherapy regimen), As prescribed)","Anti-inflammatory dietary protocol; Adequate hydration (2.5L daily); Targeted nutritional supplementation","Surgical Oncologist / Dermatopathologist"
IMG_148.jpg,"Merkel Cell Carcinoma [Dataset Training Specimen #148]","Cutaneous Oncology",98.4,Severe,"Rapidly growing painless violaceous solitary dermal nodule on head/neck in elderly. Verified medical training sample image reference IMG_148.jpg.","Basal Cell Carcinoma; Metastatic Carcinoma; Lymphoma","Urgent wide excision & sentinel lymph node biopsy; Radiation consultation","Pembrolizumab / Avelumab (Immunotherapy infusion,  Every 2-3 weeks))","Anti-inflammatory dietary protocol; Adequate hydration (2.5L daily); Targeted nutritional supplementation","Surgical Oncologist / Dermatopathologist"
IMG_149.jpg,"Keratoacanthoma [Dataset Training Specimen #149]","Dermatopathology",93.7,Moderate,"Dome-shaped rapidly expanding tumor with central hyperkeratotic crateriform central plug. Verified medical training sample image reference IMG_149.jpg.","Squamous Cell Carcinoma; Verruca Vulgaris; Basal Cell Carcinoma","Excisional biopsy required due to SCC histopath overlap","Complete Surgical Excision (Full depth margin excision,  Single procedure))","Anti-inflammatory dietary protocol; Adequate hydration (2.5L daily); Targeted nutritional supplementation","Consultant Dermatologist"
IMG_150.jpg,"Infantile Hemangioma [Dataset Training Specimen #150]","Vascular Lesions",96.8,Low,"Bright red strawberry-like vascular nodule proliferating in early infancy, self-involuting. Verified medical training sample image reference IMG_150.jpg.","Port-wine Stain; Vascular Malformation; Pyogenic Granuloma","Monitor growth near eye/airway; Reassure parents on involution","Propranolol 2mg/kg/day (Oral solution,  Divided doses)","Anti-inflammatory dietary protocol; Adequate hydration (2.5L daily); Targeted nutritional supplementation","Consultant Dermatologist"
IMG_151.jpg,"Viral Pneumonia (Chest X-Ray) [Dataset Training Specimen #151]","Chest X-Ray & Pulmonology",92.1,Severe,"Bilateral diffuse interstitial infiltrates and peribronchial thickening visible on posterior-anterior chest radiograph. Verified medical training sample image reference IMG_151.jpg.","Bacterial Pneumonia; Pulmonary Edema; COVID-19 Pneumonitis","Oxygen saturation monitoring; Isolation protocol; Sputum culture","Azithromycin 500mg (Oral tablet,  Once daily)","Anti-inflammatory dietary protocol; Adequate hydration (2.5L daily); Targeted nutritional supplementation","Consultant Radiologist / Orthopedic Surgeon"
IMG_152.jpg,"Pulmonary Tuberculosis (Chest Radiograph) [Dataset Training Specimen #152]","Chest X-Ray & Pulmonology",95.2,Severe,"Upper lobe apical cavitary lesion with focal consolidations and mediastinal lymphadenopathy on chest X-ray. Verified medical training sample image reference IMG_152.jpg.","Lung Abscess; Fungal Infection; Bronchogenic Carcinoma","Airborne isolation; Acid-fast bacilli stain; Report to public health","Rifampin + Isoniazid + Pyrazinamide + Ethambutol (Quadruple RIPE regimen,  2 months))","Anti-inflammatory dietary protocol; Adequate hydration (2.5L daily); Targeted nutritional supplementation","Consultant Radiologist / Orthopedic Surgeon"
IMG_153.jpg,"Pneumothorax (Right Hemithorax X-Ray) [Dataset Training Specimen #153]","Chest X-Ray & Pulmonology",98.3,Severe,"Visceral pleural line detachment with absence of peripheral lung markings in right upper zone on erect X-ray. Verified medical training sample image reference IMG_153.jpg.","Giant Bulla; Pulmonary Embolism; Pleurisy","Urgent needle decompression if tension features; Avoid high altitude air travel","Intercostal Chest Tube Insertion (Tube thoracostomy drainage procedure), As prescribed)","Anti-inflammatory dietary protocol; Adequate hydration (2.5L daily); Targeted nutritional supplementation","Consultant Radiologist / Orthopedic Surgeon"
IMG_154.jpg,"Cardiomegaly & Pulmonary Congestion [Dataset Training Specimen #154]","Chest X-Ray & Pulmonology",93.6,High,"Enlarged cardiac silhouette with cardio-thoracic ratio >0.50, Kerley B lines, and vascular cephalization on erect CXR. Verified medical training sample image reference IMG_154.jpg.","Pericardial Effusion; Heart Failure; Dilated Cardiomyopathy","Sodium fluid restriction; Daily weight monitoring; ECG evaluation","Furosemide 40mg (Oral/IV loop diuretic,  Daily morning dose))","Anti-inflammatory dietary protocol; Adequate hydration (2.5L daily); Targeted nutritional supplementation","Consultant Radiologist / Orthopedic Surgeon"
IMG_155.jpg,"Atelectasis (Left Lower Lobe Collapse) [Dataset Training Specimen #155]","Chest X-Ray & Pulmonology",96.7,Moderate,"Increased opacity with volume loss, elevation of left hemidiaphragm, and ipsilateral tracheal deviation on CXR. Verified medical training sample image reference IMG_155.jpg.","Pleural Effusion; Pneumonic Consolidation; Foreign Body Aspiration","Chest physiotherapy; Deep breathing incentive spirometry","Bronchodilator Albuterol Nebulization (4x/day as needed), As prescribed)","Anti-inflammatory dietary protocol; Adequate hydration (2.5L daily); Targeted nutritional supplementation","Consultant Radiologist / Orthopedic Surgeon"
IMG_156.jpg,"Pleural Effusion (Bilateral Basal) [Dataset Training Specimen #156]","Chest X-Ray & Pulmonology",92,High,"Blunting of costophrenic angles with meniscus sign and homogeneous fluid opacity in lower lung zones. Verified medical training sample image reference IMG_156.jpg.","Empyema; Hemothorax; Congestive Heart Failure","Diagnostic thoracentesis; Pleural fluid protein/LDH analysis","Therapeutic Thoracentesis drainage (Single clinical procedure), As prescribed)","Anti-inflammatory dietary protocol; Adequate hydration (2.5L daily); Targeted nutritional supplementation","Consultant Radiologist / Orthopedic Surgeon"
IMG_157.jpg,"COVID-19 Ground-Glass Opacities [Dataset Training Specimen #157]","Chest X-Ray & Pulmonology",95.1,Severe,"Bilateral peripheral and basal ground-glass attenuation with multi-focal air-space consolidations on chest X-ray. Verified medical training sample image reference IMG_157.jpg.","Influenza Pneumonia; Mycoplasma Pneumonia; Acute Respiratory Distress","Pulse oximetry monitoring; Proning positioning; Corticosteroid assessment","Dexamethasone 6mg (Oral/IV daily,  10 days for oxygen support))","Anti-inflammatory dietary protocol; Adequate hydration (2.5L daily); Targeted nutritional supplementation","Consultant Radiologist / Orthopedic Surgeon"
IMG_158.jpg,"Chronic Obstructive Pulmonary Disease (COPD) [Dataset Training Specimen #158]","Chest X-Ray & Pulmonology",98.2,Moderate,"Hyperinflated lung fields, flattened diaphragmatic domes, retrosternal space widening, and attenuated vessels. Verified medical training sample image reference IMG_158.jpg.","Asthma Exacerbation; Emphysema; Bronchiectasis","Smoking cessation; Pneumococcal & Influenza vaccination","Tiotropium Inhaler 18mcg (Dry powder inhalation,  Once daily morning))","Anti-inflammatory dietary protocol; Adequate hydration (2.5L daily); Targeted nutritional supplementation","Consultant Radiologist / Orthopedic Surgeon"
IMG_159.jpg,"Solitary Pulmonary Nodule (Coin Lesion) [Dataset Training Specimen #159]","Chest X-Ray & Pulmonology",93.5,Moderate,"Well-circumscribed radiopaque nodule <3cm in right upper lobe without calcification on high-resolution CXR. Verified medical training sample image reference IMG_159.jpg.","Granuloma; Hamartoma; Primary Bronchogenic Adenocarcinoma","Compare prior CXRs; High-resolution chest CT scan scheduling","Chest CT with IV Contrast & PET-CT evaluation (Standard application, As prescribed)","Anti-inflammatory dietary protocol; Adequate hydration (2.5L daily); Targeted nutritional supplementation","Consultant Radiologist / Orthopedic Surgeon"
IMG_160.jpg,"Idiopathic Pulmonary Fibrosis [Dataset Training Specimen #160]","Chest X-Ray & Pulmonology",96.6,Severe,"Bilateral reticular subpleural opacities with honeycombing appearance and traction bronchiectasis. Verified medical training sample image reference IMG_160.jpg.","Asbestosis; Sarcoidosis; Connective Tissue Lung Disease","Pulmonary function test (PFT); Avoid environmental irritants","Pirfenidone / Nintedanib 200mg (Anti-fibrotic daily oral therapy), As prescribed)","Anti-inflammatory dietary protocol; Adequate hydration (2.5L daily); Targeted nutritional supplementation","Consultant Radiologist / Orthopedic Surgeon"
IMG_161.jpg,"Distal Radius Colles Fracture [Dataset Training Specimen #161]","Bone & Skeletal Radiography",99.7,High,"Extra-articular fracture of distal radial metaphysis with dorsal displacement and angulation (dinner-fork deformity). Verified medical training sample image reference IMG_161.jpg.","Smith Fracture; Scaphoid Fracture; Radiocarpal Dislocation","Immobilize in volar splint; Neurovascular examination of distal hand","Closed Reduction + Short Arm Fiberglass Cast (Immobilization 6 weeks), As prescribed)","Anti-inflammatory dietary protocol; Adequate hydration (2.5L daily); Targeted nutritional supplementation","Consultant Radiologist / Orthopedic Surgeon"
IMG_162.jpg,"Femoral Neck Fracture (Displaced) [Dataset Training Specimen #162]","Bone & Skeletal Radiography",95,Severe,"Cortical disruption and impaction of left intracapsular femoral neck with shortening on pelvic AP X-ray. Verified medical training sample image reference IMG_162.jpg.","Intertrochanteric Fracture; Pubic Ramus Fracture; Acetabular Fracture","Non-weight bearing status; Thromboembolism prophylaxis","Hemiarthroplasty / Total Hip Arthroplasty (Orthopedic surgery procedure), As prescribed)","Anti-inflammatory dietary protocol; Adequate hydration (2.5L daily); Targeted nutritional supplementation","Consultant Radiologist / Orthopedic Surgeon"
IMG_163.jpg,"Osteoarthritis (Knee Joint Space Narrowing) [Dataset Training Specimen #163]","Bone & Skeletal Radiography",98.1,Moderate,"Asymmetric medial compartment joint space narrowing, subchondral sclerosis, and marginal osteophytes on weight-bearing knee X-ray. Verified medical training sample image reference IMG_163.jpg.","Rheumatoid Arthritis; Gouty Arthropathy; Meniscal Tear","Low-impact quadriceps strengthening; Weight management","Meloxicam 15mg (Oral NSAID tablet,  Once daily with meal))","Anti-inflammatory dietary protocol; Adequate hydration (2.5L daily); Targeted nutritional supplementation","Consultant Radiologist / Orthopedic Surgeon"
IMG_164.jpg,"Vertebral Compression Fracture (L2 Spine) [Dataset Training Specimen #164]","Bone & Skeletal Radiography",93.4,High,"Anterior vertebral body height loss >25% with cortical endplate disruption on lateral lumbar spine radiograph. Verified medical training sample image reference IMG_164.jpg.","Metastatic Bone Lesion; Multiple Myeloma; Discitis","Rigid thoracolumbar orthosis brace; DXA bone mineral density test","Calcitonin / Teriparatide + Calcium 1200mg & Vitamin D3 2000IU daily (Standard application, As prescribed)","Anti-inflammatory dietary protocol; Adequate hydration (2.5L daily); Targeted nutritional supplementation","Consultant Radiologist / Orthopedic Surgeon"
IMG_165.jpg,"Clavicle Shaft Mid-Third Fracture [Dataset Training Specimen #165]","Bone & Skeletal Radiography",96.5,Moderate,"Complete transverse fracture through middle third of clavicle with inferior displacement of distal fragment. Verified medical training sample image reference IMG_165.jpg.","Acromioclavicular Joint Separation; Sternoclavicular Dislocation","Figure-of-eight or sling immobilization; Avoid overhead shoulder lifting","Analgesic Acetaminophen 1000mg (Oral 3x/day as needed), As prescribed)","Anti-inflammatory dietary protocol; Adequate hydration (2.5L daily); Targeted nutritional supplementation","Consultant Radiologist / Orthopedic Surgeon"
IMG_166.jpg,"Ankle Bi-Malleolar Fracture [Dataset Training Specimen #166]","Bone & Skeletal Radiography",99.6,Severe,"Disruption of lateral malleolus and medial malleolus with talar tilt on mortise ankle radiograph. Verified medical training sample image reference IMG_166.jpg.","Uni-malleolar Fracture; High Fibular Maisonneuve Fracture","Non-weight bearing posterior splint; Elevate above heart level","Open Reduction and Internal Fixation (ORIF orthopedic surgery), As prescribed)","Anti-inflammatory dietary protocol; Adequate hydration (2.5L daily); Targeted nutritional supplementation","Consultant Radiologist / Orthopedic Surgeon"
IMG_167.jpg,"Osteomyelitis (Tibial Metaphysis) [Dataset Training Specimen #167]","Bone & Skeletal Radiography",94.9,Severe,"Cortical erosion, periosteal reaction, involucrum formation, and focal radiolucency in proximal tibia. Verified medical training sample image reference IMG_167.jpg.","Ewing Sarcoma; Osteosarcoma; Bone Infarct","Parenteral antibiotic therapy; Non-weight bearing on affected limb","Vancomycin / Cefepime IV (Parenteral culture-guided antibiotics,  6 weeks))","Anti-inflammatory dietary protocol; Adequate hydration (2.5L daily); Targeted nutritional supplementation","Consultant Radiologist / Orthopedic Surgeon"
IMG_168.jpg,"Glenohumeral Anterior Dislocation [Dataset Training Specimen #168]","Bone & Skeletal Radiography",98,High,"Humeral head displaced subcoracoid anteriorly relative to glenoid fossa on scapular Y-view shoulder X-ray. Verified medical training sample image reference IMG_168.jpg.","Posterior Shoulder Dislocation; Rotator Cuff Tear; Greater Tuberosity Fracture","Prompt neurovascular axillary nerve evaluation; Post-reduction sling immobilization","Closed Shoulder Reduction under procedural sedation (Immediate procedure), As prescribed)","Anti-inflammatory dietary protocol; Adequate hydration (2.5L daily); Targeted nutritional supplementation","Consultant Radiologist / Orthopedic Surgeon"
IMG_169.jpg,"Calcaneal Fracture (Intra-Articular) [Dataset Training Specimen #169]","Bone & Skeletal Radiography",93.3,Severe,"Depression of posterior facet with Bohler angle reduction <20 degrees on lateral foot X-ray. Verified medical training sample image reference IMG_169.jpg.","Talus Fracture; Lisfranc Dislocation; Severe Ankle Sprain","Strict elevation to prevent skin blistering; Non-weight bearing","Surgical ORIF vs Non-operative casting depending on Bohler angle (Standard application, As prescribed)","Anti-inflammatory dietary protocol; Adequate hydration (2.5L daily); Targeted nutritional supplementation","Consultant Radiologist / Orthopedic Surgeon"
IMG_170.jpg,"Scaphoid Waist Fracture [Dataset Training Specimen #170]","Bone & Skeletal Radiography",96.4,High,"Radiolucent fracture line through scaphoid waist on dedicated scaphoid view radiograph. Verified medical training sample image reference IMG_170.jpg.","Radial Styloid Fracture; De Quervain Tenosynovitis; Triquetral Fracture","Thumb spica casting; High index suspicion for avascular necrosis","Thumb Spica Fiberglass Immobilization Cast (8-12 weeks duration), As prescribed)","Anti-inflammatory dietary protocol; Adequate hydration (2.5L daily); Targeted nutritional supplementation","Consultant Radiologist / Orthopedic Surgeon"
IMG_171.jpg,"Small Bowel Obstruction (Abdominal X-Ray) [Dataset Training Specimen #171]","Abdominal & Dental Radiography",99.5,Severe,"Central dilated small bowel loops >3cm with step-ladder air-fluid levels on erect abdominal X-ray. Verified medical training sample image reference IMG_171.jpg.","Paralytic Ileus; Large Bowel Obstruction; Volvulus","Nasogastric tube decompression; NPO bowel rest; Surgical consultation","IV Fluid Resuscitation + Surgical Laparotomy / Decompression (Standard application, As prescribed)","Anti-inflammatory dietary protocol; Adequate hydration (2.5L daily); Targeted nutritional supplementation","Consultant Radiologist / Orthopedic Surgeon"
IMG_172.jpg,"Renal Calculus / Kidney Stone (KUB Radiograph) [Dataset Training Specimen #172]","Abdominal & Dental Radiography",94.8,High,"Radiopaque 8mm calcification projected over right ureterovesical junction on KUB X-ray. Verified medical training sample image reference IMG_172.jpg.","Phlebolith; Gallstone; Mesenteric Lymph Node Calcification","Strain urine for stone analysis; Hydration >3 liters daily","Tamsulosin 0.4mg (Alpha-blocker capsule,  Once daily)","Anti-inflammatory dietary protocol; Adequate hydration (2.5L daily); Targeted nutritional supplementation","Consultant Radiologist / Orthopedic Surgeon"
IMG_173.jpg,"Periapical Dental Lesion (Mandibular Radiograph) [Dataset Training Specimen #173]","Abdominal & Dental Radiography",97.9,Moderate,"Well-defined radiolucency surrounding apex of lower first molar tooth on periapical dental X-ray. Verified medical training sample image reference IMG_173.jpg.","Radicular Cyst; Dentigerous Cyst; Periapical Granuloma","Avoid chewing on affected side; Maintain oral hygiene antiseptic rinse","Root Canal Treatment (Endodontic therapy) + Amoxicillin 500mg, As prescribed)","Anti-inflammatory dietary protocol; Adequate hydration (2.5L daily); Targeted nutritional supplementation","Consultant Radiologist / Orthopedic Surgeon"
IMG_174.jpg,"Mammographic Microcalcifications (Category BI-RADS 4) [Dataset Training Specimen #174]","Mammography & Soft Tissue",93.2,High,"Pleomorphic clustered microcalcifications in upper outer quadrant of right breast on MLO view mammogram. Verified medical training sample image reference IMG_174.jpg.","Fibroadenoma; Duct Ectasia; Invasive Ductal Carcinoma","Stereotactic core needle biopsy; Compare prior diagnostic mammograms","Stereotactic Core Needle Biopsy (Diagnostic tissue biopsy procedure), As prescribed)","Anti-inflammatory dietary protocol; Adequate hydration (2.5L daily); Targeted nutritional supplementation","Consultant Dermatologist"
IMG_175.jpg,"Pneumoperitoneum (Free Air Under Diaphragm) [Dataset Training Specimen #175]","Abdominal & Dental Radiography",96.3,Severe,"Crescentic radiolucent air collection under right hemidiaphragm on upright chest/abdominal radiograph. Verified medical training sample image reference IMG_175.jpg.","Chilaiditi Sign; Subdiaphragmatic Abscess; Post-laparoscopy state","Emergent exploratory laparotomy; Broad-spectrum IV antibiotics","Emergency Exploratory Laparotomy + IV Piperacillin-Tazobactam (Standard application, As prescribed)","Anti-inflammatory dietary protocol; Adequate hydration (2.5L daily); Targeted nutritional supplementation","Consultant Radiologist / Orthopedic Surgeon"
IMG_176.jpg,"Basal Cell Carcinoma (Superficial) [Dataset Training Specimen #176]","Dermatopathology",99.4,Moderate,"Translucent, pearly nodule with fine telangiectasias and rolled borders on sun-exposed skin. Verified medical training sample image reference IMG_176.jpg.","Squamous Cell Carcinoma; Intradermal Nevus; Actinic Keratosis","Avoid UV exposure; Schedule punch biopsy; Apply SPF 50+","Imiquimod 5% Cream (Thin film,  5x/week)","Anti-inflammatory dietary protocol; Adequate hydration (2.5L daily); Targeted nutritional supplementation","Consultant Dermatologist"
IMG_177.jpg,"Melanoma (In Situ / Early Stage) [Dataset Training Specimen #177]","Cutaneous Oncology",94.7,Severe,"Malignant neoplasm of melanocytes with asymmetrical borders, dark color variation, diameter >6mm. Verified medical training sample image reference IMG_177.jpg.","Atypical Dysplastic Nevus; Seborrheic Keratosis; Pigmented BCC","Schedule urgent wide excision; Avoid tanning; Monthly self-exams","Wide Local Surgical Excision (Standard of care,  Single procedure)","Anti-inflammatory dietary protocol; Adequate hydration (2.5L daily); Targeted nutritional supplementation","Surgical Oncologist / Dermatopathologist"
IMG_178.jpg,"Psoriasis Vulgaris [Dataset Training Specimen #178]","Dermatology",97.8,Moderate,"Erythematous plaques covered with silvery-white lamellar scales on extensor surfaces. Verified medical training sample image reference IMG_178.jpg.","Atopic Dermatitis; Tinea Corporis; Lichen Planus","Emollient lubrication; Avoid Koebner trauma; Monitor joints","Calcipotriene 0.005% Ointment (Thin layer,  Twice daily)","Anti-inflammatory dietary protocol; Adequate hydration (2.5L daily); Targeted nutritional supplementation","Consultant Dermatologist"
IMG_179.jpg,"Atopic Dermatitis (Eczema Flare) [Dataset Training Specimen #179]","Dermatology",93.1,Low,"Pruritic, patchy erythema with scaling, flexural lichenification, and epidermal barrier defect. Verified medical training sample image reference IMG_179.jpg.","Contact Dermatitis; Seborrheic Dermatitis; Nummular Eczema","Gentle fragrance-free soaps; Apply ceramic moisturizer; Control room humidity","Hydrocortisone 1% Cream (Thin layer,  Twice daily)","Anti-inflammatory dietary protocol; Adequate hydration (2.5L daily); Targeted nutritional supplementation","Consultant Dermatologist"
IMG_180.jpg,"Actinic Keratosis [Dataset Training Specimen #180]","Dermatopathology",96.2,Moderate,"Pre-cancerous rough, scaly, hyperkeratotic papule arising on chronically sun-damaged dermal surfaces. Verified medical training sample image reference IMG_180.jpg.","Squamous Cell Carcinoma in situ; Seborrheic Keratosis; Discoid Lupus","Wear wide-brimmed protective hat; Monitor rapid growth; Sunscreen daily","Fluorouracil 5% Topical Cream (Apply twice daily,  3-4 weeks))","Anti-inflammatory dietary protocol; Adequate hydration (2.5L daily); Targeted nutritional supplementation","Consultant Dermatologist"
IMG_181.jpg,"Tinea Corporis (Ringworm) [Dataset Training Specimen #181]","Infectious Pathology",99.3,Moderate,"Annular erythematous plaque with raised scaly leading edge and central clearing. Verified medical training sample image reference IMG_181.jpg.","Pityriasis Rosea; Nummular Eczema; Erythema Annulare Centrifugum","Keep skin folds dry; Do not share linens or towels; Hot wash clothing","Terbinafine 1% Cream (Apply lesion + 2cm border,  Twice daily)","Anti-inflammatory dietary protocol; Adequate hydration (2.5L daily); Targeted nutritional supplementation","Consultant Dermatologist"
IMG_182.jpg,"Seborrheic Keratosis [Dataset Training Specimen #182]","Dermatology",94.6,Moderate,"Benign waxy brown or black stuck-on epidermal papule with comedo-like openings. Verified medical training sample image reference IMG_182.jpg.","Melanoma; Pigmented BCC; Verruca Vulgaris","Reassure patient; Avoid mechanical scratching or trauma","Cryotherapy with liquid nitrogen (Cosmetic indication,  Single session))","Anti-inflammatory dietary protocol; Adequate hydration (2.5L daily); Targeted nutritional supplementation","Consultant Dermatologist"
IMG_183.jpg,"Squamous Cell Carcinoma [Dataset Training Specimen #183]","Cutaneous Oncology",97.7,High,"Firm hyperkeratotic erythematous nodule with central cutaneous ulceration or crusting. Verified medical training sample image reference IMG_183.jpg.","Basal Cell Carcinoma; Keratoacanthoma; Actinic Keratosis","Urgent histopathology evaluation; Complete excision margin assessment","Mohs Micrographic Surgery (Margin controlled excision,  Single procedure))","Anti-inflammatory dietary protocol; Adequate hydration (2.5L daily); Targeted nutritional supplementation","Surgical Oncologist / Dermatopathologist"
IMG_184.jpg,"Dysplastic Nevus (Atypical Mole) [Dataset Training Specimen #184]","Dermatopathology",93,Moderate,"Atypical melanocytic lesion with irregular pigmentation, variable shades, ill-defined margin. Verified medical training sample image reference IMG_184.jpg.","Cutaneous Melanoma; Compound Nevus; Seborrheic Keratosis","Sequential digital dermoscopy; Excision if ABCDE evolution noted","Excisional Biopsy (Diagnostic procedure,  2mm margin)","Anti-inflammatory dietary protocol; Adequate hydration (2.5L daily); Targeted nutritional supplementation","Consultant Dermatologist"
IMG_185.jpg,"Alopecia Areata [Dataset Training Specimen #185]","Hair & Nail Pathology",96.1,Moderate,"Autoimmune patch hair loss featuring smooth round patches with exclamation-mark hair follicles. Verified medical training sample image reference IMG_185.jpg.","Tinea Capitis; Trichotillomania; Telogen Effluvium","Scalp sunscreen protection; Gentle hair grooming; Reassurance","Triamcinolone Acetonide 10mg/ml (Intralesional injection,  Every 4 weeks))","Anti-inflammatory dietary protocol; Adequate hydration (2.5L daily); Targeted nutritional supplementation","Consultant Dermatologist"
IMG_186.jpg,"Vitiligo (Generalized) [Dataset Training Specimen #186]","Pigmentary Disorders",99.2,Moderate,"Autoimmune depigmented chalk-white macules due to complete loss of epidermal melanocytes. Verified medical training sample image reference IMG_186.jpg.","Pityriasis Alba; Tinea Versicolor; Post-inflammatory Hypopigmentation","Apply strict sunblock; Tacrolimus ointment application; Avoid friction","Tacrolimus 0.1% Ointment (Apply to depigmented zones,  Twice daily)","Anti-inflammatory dietary protocol; Adequate hydration (2.5L daily); Targeted nutritional supplementation","Consultant Dermatologist"
IMG_187.jpg,"Rosacea (Erythematotelangiectatic) [Dataset Training Specimen #187]","Dermatology",94.5,Moderate,"Central facial erythema, flushing, telangiectasia, and skin sensitivity triggered by hot drinks/spicy food. Verified medical training sample image reference IMG_187.jpg.","Systemic Lupus Erythematosus; Acne Vulgaris; Seborrheic Dermatitis","Avoid spicy food, caffeine, hot showers; Use mild barrier cleanser","Metronidazole 0.75% Gel (Apply thin layer,  Twice daily)","Anti-inflammatory dietary protocol; Adequate hydration (2.5L daily); Targeted nutritional supplementation","Consultant Dermatologist"
IMG_188.jpg,"Bullous Pemphigoid [Dataset Training Specimen #188]","Autoimmune & Inflammatory",97.6,Severe,"Tense subepidermal bullae on erythematous urticarial base with IgG antibasement antibody. Verified medical training sample image reference IMG_188.jpg.","Pemphigus Vulgaris; Epidermolysis Bullosa Acquisita; Linear IgA","Wound care for eroded bullae; Infection surveillance; Avoid friction","Clobetasol Propionate 0.05% Ointment (High potency,  Twice daily)","Anti-inflammatory dietary protocol; Adequate hydration (2.5L daily); Targeted nutritional supplementation","Consultant Dermatologist"
IMG_189.jpg,"Lichen Planus [Dataset Training Specimen #189]","Autoimmune & Inflammatory",92.9,Moderate,"Pruritic, purple, polygonal, planar papules with fine white Wickham striae on flexors and mucosa. Verified medical training sample image reference IMG_189.jpg.","Psoriasis; Graft vs Host Disease; Secondary Syphilis","Avoid scratching; Mucosal oral hygiene; Avoid drug triggers","Betamethasone Dipropionate 0.05% (Topical application,  Twice daily)","Anti-inflammatory dietary protocol; Adequate hydration (2.5L daily); Targeted nutritional supplementation","Consultant Dermatologist"
IMG_190.jpg,"Contact Dermatitis (Allergic Nickel) [Dataset Training Specimen #190]","Allergic & Contact Dermatoses",96,Moderate,"Erythematous vesicular rash strictly localized to contact zones (belt buckle, jewelry, snaps). Verified medical training sample image reference IMG_190.jpg.","Irritant Dermatitis; Atopic Dermatitis; Scabies","Eliminate nickel jewelry/metals; Use leather buckles; Apply barrier cream","Triamcinolone 0.1% Cream (Apply to affected zone,  Twice daily)","Anti-inflammatory dietary protocol; Adequate hydration (2.5L daily); Targeted nutritional supplementation","Consultant Dermatologist"
IMG_191.jpg,"Molluscum Contagiosum [Dataset Training Specimen #191]","Infectious Pathology",99.1,Moderate,"Poxvirus smooth umbilicated dome-shaped flesh-colored papules in children/immunocompromised. Verified medical training sample image reference IMG_191.jpg.","Verruca Vulgaris; Cryptococcosis; Syringoma","Avoid sharing bath towels; Do not squeeze lesions; Reassure parents","Cantharidin 0.7% Solution (In-clinic topical application,  Single procedure))","Anti-inflammatory dietary protocol; Adequate hydration (2.5L daily); Targeted nutritional supplementation","Consultant Dermatologist"
IMG_192.jpg,"Scabies Infection (Sarcoptes) [Dataset Training Specimen #192]","Infectious Pathology",94.4,Moderate,"Intense nocturnal pruritus with interdigital burrows, erythematous papules, secondary crusts. Verified medical training sample image reference IMG_192.jpg.","Atopic Dermatitis; Insect Bites; Dyshidrotic Eczema","Treat all household contacts simultaneously; Wash bedding in hot water","Permethrin 5% Cream (Massage neck to toes,  Leave 12h)","Anti-inflammatory dietary protocol; Adequate hydration (2.5L daily); Targeted nutritional supplementation","Consultant Dermatologist"
IMG_193.jpg,"Hidradenitis Suppurativa (Hurley II) [Dataset Training Specimen #193]","Autoimmune & Inflammatory",97.5,High,"Recurrent inflammatory painful nodules, sinus tracts, and scarring in axillary/inguinal apocrine zones. Verified medical training sample image reference IMG_193.jpg.","Furunculosis; Lymphadenitis; Crohn Cutaneous Disease","Loose breathable clothing; Weight management; Warm compresses","Adalimumab 40mg (Subcutaneous injection,  Weekly)","Anti-inflammatory dietary protocol; Adequate hydration (2.5L daily); Targeted nutritional supplementation","Consultant Dermatologist"
IMG_194.jpg,"Erythema Nodosum [Dataset Training Specimen #194]","Autoimmune & Inflammatory",92.8,Moderate,"Tender subcutaneous erythematous nodules on anterior shins associated with sarcoidosis/strep. Verified medical training sample image reference IMG_194.jpg.","Panniculitis; Superficial Thrombophlebitis; Cellulitis","Leg elevation; Rest during acute phase; Screen underlying cause","Naproxen 500mg (Oral tablet,  Twice daily)","Anti-inflammatory dietary protocol; Adequate hydration (2.5L daily); Targeted nutritional supplementation","Consultant Dermatologist"
IMG_195.jpg,"Pityriasis Rosea [Dataset Training Specimen #195]","Dermatology",95.9,Moderate,"Initial herald patch followed by Christmas-tree distribution of oval salmon-pink scaly lesions. Verified medical training sample image reference IMG_195.jpg.","Secondary Syphilis; Tinea Versicolor; Guttate Psoriasis","Reassurance of self-limiting course (6-8 weeks); Lukewarm baths","Calamine Lotion & Cetirizine 10mg (Apply topically / 1 tab daily for itch), As prescribed)","Anti-inflammatory dietary protocol; Adequate hydration (2.5L daily); Targeted nutritional supplementation","Consultant Dermatologist"
IMG_196.jpg,"Cutaneous Lupus Erythematosus (Malar) [Dataset Training Specimen #196]","Autoimmune & Inflammatory",99,High,"Fixed erythematous malar rash sparing nasolabial folds, exacerbated by solar exposure. Verified medical training sample image reference IMG_196.jpg.","Rosacea; Seborrheic Dermatitis; Dermatomyositis","Strict photoprotection UV filter; ANA test screening; Avoid heat","Hydroxychloroquine 200mg (Oral tablet,  Twice daily)","Anti-inflammatory dietary protocol; Adequate hydration (2.5L daily); Targeted nutritional supplementation","Consultant Dermatologist"
IMG_197.jpg,"Kaposi Sarcoma (Classic/HIV) [Dataset Training Specimen #197]","Cutaneous Oncology",94.3,Severe,"HHV-8 driven violaceous vascular macules, plaques, and lesions on lower limbs or mucosa. Verified medical training sample image reference IMG_197.jpg.","Bacillary Angiomatosis; Angiosarcoma; Hematoma","Immunological evaluation (CD4/Viral load); Protect from trauma","Antiretroviral Therapy + Liposomal Doxorubicin (Systemic chemotherapy regimen), As prescribed)","Anti-inflammatory dietary protocol; Adequate hydration (2.5L daily); Targeted nutritional supplementation","Surgical Oncologist / Dermatopathologist"
IMG_198.jpg,"Merkel Cell Carcinoma [Dataset Training Specimen #198]","Cutaneous Oncology",97.4,Severe,"Rapidly growing painless violaceous solitary dermal nodule on head/neck in elderly. Verified medical training sample image reference IMG_198.jpg.","Basal Cell Carcinoma; Metastatic Carcinoma; Lymphoma","Urgent wide excision & sentinel lymph node biopsy; Radiation consultation","Pembrolizumab / Avelumab (Immunotherapy infusion,  Every 2-3 weeks))","Anti-inflammatory dietary protocol; Adequate hydration (2.5L daily); Targeted nutritional supplementation","Surgical Oncologist / Dermatopathologist"
IMG_199.jpg,"Keratoacanthoma [Dataset Training Specimen #199]","Dermatopathology",92.7,Moderate,"Dome-shaped rapidly expanding tumor with central hyperkeratotic crateriform central plug. Verified medical training sample image reference IMG_199.jpg.","Squamous Cell Carcinoma; Verruca Vulgaris; Basal Cell Carcinoma","Excisional biopsy required due to SCC histopath overlap","Complete Surgical Excision (Full depth margin excision,  Single procedure))","Anti-inflammatory dietary protocol; Adequate hydration (2.5L daily); Targeted nutritional supplementation","Consultant Dermatologist"
IMG_200.jpg,"Infantile Hemangioma [Dataset Training Specimen #200]","Vascular Lesions",95.8,Moderate,"Bright red strawberry-like vascular nodule proliferating in early infancy, self-involuting. Verified medical training sample image reference IMG_200.jpg.","Port-wine Stain; Vascular Malformation; Pyogenic Granuloma","Monitor growth near eye/airway; Reassure parents on involution","Propranolol 2mg/kg/day (Oral solution,  Divided doses)","Anti-inflammatory dietary protocol; Adequate hydration (2.5L daily); Targeted nutritional supplementation","Consultant Dermatologist"
IMG_201.jpg,"Viral Pneumonia (Chest X-Ray) [Dataset Training Specimen #201]","Chest X-Ray & Pulmonology",98.9,Severe,"Bilateral diffuse interstitial infiltrates and peribronchial thickening visible on posterior-anterior chest radiograph. Verified medical training sample image reference IMG_201.jpg.","Bacterial Pneumonia; Pulmonary Edema; COVID-19 Pneumonitis","Oxygen saturation monitoring; Isolation protocol; Sputum culture","Azithromycin 500mg (Oral tablet,  Once daily)","Anti-inflammatory dietary protocol; Adequate hydration (2.5L daily); Targeted nutritional supplementation","Consultant Radiologist / Orthopedic Surgeon"
IMG_202.jpg,"Pulmonary Tuberculosis (Chest Radiograph) [Dataset Training Specimen #202]","Chest X-Ray & Pulmonology",94.2,Severe,"Upper lobe apical cavitary lesion with focal consolidations and mediastinal lymphadenopathy on chest X-ray. Verified medical training sample image reference IMG_202.jpg.","Lung Abscess; Fungal Infection; Bronchogenic Carcinoma","Airborne isolation; Acid-fast bacilli stain; Report to public health","Rifampin + Isoniazid + Pyrazinamide + Ethambutol (Quadruple RIPE regimen,  2 months))","Anti-inflammatory dietary protocol; Adequate hydration (2.5L daily); Targeted nutritional supplementation","Consultant Radiologist / Orthopedic Surgeon"
IMG_203.jpg,"Pneumothorax (Right Hemithorax X-Ray) [Dataset Training Specimen #203]","Chest X-Ray & Pulmonology",97.3,Severe,"Visceral pleural line detachment with absence of peripheral lung markings in right upper zone on erect X-ray. Verified medical training sample image reference IMG_203.jpg.","Giant Bulla; Pulmonary Embolism; Pleurisy","Urgent needle decompression if tension features; Avoid high altitude air travel","Intercostal Chest Tube Insertion (Tube thoracostomy drainage procedure), As prescribed)","Anti-inflammatory dietary protocol; Adequate hydration (2.5L daily); Targeted nutritional supplementation","Consultant Radiologist / Orthopedic Surgeon"
IMG_204.jpg,"Cardiomegaly & Pulmonary Congestion [Dataset Training Specimen #204]","Chest X-Ray & Pulmonology",92.6,High,"Enlarged cardiac silhouette with cardio-thoracic ratio >0.50, Kerley B lines, and vascular cephalization on erect CXR. Verified medical training sample image reference IMG_204.jpg.","Pericardial Effusion; Heart Failure; Dilated Cardiomyopathy","Sodium fluid restriction; Daily weight monitoring; ECG evaluation","Furosemide 40mg (Oral/IV loop diuretic,  Daily morning dose))","Anti-inflammatory dietary protocol; Adequate hydration (2.5L daily); Targeted nutritional supplementation","Consultant Radiologist / Orthopedic Surgeon"
IMG_205.jpg,"Atelectasis (Left Lower Lobe Collapse) [Dataset Training Specimen #205]","Chest X-Ray & Pulmonology",95.7,Moderate,"Increased opacity with volume loss, elevation of left hemidiaphragm, and ipsilateral tracheal deviation on CXR. Verified medical training sample image reference IMG_205.jpg.","Pleural Effusion; Pneumonic Consolidation; Foreign Body Aspiration","Chest physiotherapy; Deep breathing incentive spirometry","Bronchodilator Albuterol Nebulization (4x/day as needed), As prescribed)","Anti-inflammatory dietary protocol; Adequate hydration (2.5L daily); Targeted nutritional supplementation","Consultant Radiologist / Orthopedic Surgeon"
IMG_206.jpg,"Pleural Effusion (Bilateral Basal) [Dataset Training Specimen #206]","Chest X-Ray & Pulmonology",98.8,High,"Blunting of costophrenic angles with meniscus sign and homogeneous fluid opacity in lower lung zones. Verified medical training sample image reference IMG_206.jpg.","Empyema; Hemothorax; Congestive Heart Failure","Diagnostic thoracentesis; Pleural fluid protein/LDH analysis","Therapeutic Thoracentesis drainage (Single clinical procedure), As prescribed)","Anti-inflammatory dietary protocol; Adequate hydration (2.5L daily); Targeted nutritional supplementation","Consultant Radiologist / Orthopedic Surgeon"
IMG_207.jpg,"COVID-19 Ground-Glass Opacities [Dataset Training Specimen #207]","Chest X-Ray & Pulmonology",94.1,Severe,"Bilateral peripheral and basal ground-glass attenuation with multi-focal air-space consolidations on chest X-ray. Verified medical training sample image reference IMG_207.jpg.","Influenza Pneumonia; Mycoplasma Pneumonia; Acute Respiratory Distress","Pulse oximetry monitoring; Proning positioning; Corticosteroid assessment","Dexamethasone 6mg (Oral/IV daily,  10 days for oxygen support))","Anti-inflammatory dietary protocol; Adequate hydration (2.5L daily); Targeted nutritional supplementation","Consultant Radiologist / Orthopedic Surgeon"
IMG_208.jpg,"Chronic Obstructive Pulmonary Disease (COPD) [Dataset Training Specimen #208]","Chest X-Ray & Pulmonology",97.2,Moderate,"Hyperinflated lung fields, flattened diaphragmatic domes, retrosternal space widening, and attenuated vessels. Verified medical training sample image reference IMG_208.jpg.","Asthma Exacerbation; Emphysema; Bronchiectasis","Smoking cessation; Pneumococcal & Influenza vaccination","Tiotropium Inhaler 18mcg (Dry powder inhalation,  Once daily morning))","Anti-inflammatory dietary protocol; Adequate hydration (2.5L daily); Targeted nutritional supplementation","Consultant Radiologist / Orthopedic Surgeon"
IMG_209.jpg,"Solitary Pulmonary Nodule (Coin Lesion) [Dataset Training Specimen #209]","Chest X-Ray & Pulmonology",92.5,Moderate,"Well-circumscribed radiopaque nodule <3cm in right upper lobe without calcification on high-resolution CXR. Verified medical training sample image reference IMG_209.jpg.","Granuloma; Hamartoma; Primary Bronchogenic Adenocarcinoma","Compare prior CXRs; High-resolution chest CT scan scheduling","Chest CT with IV Contrast & PET-CT evaluation (Standard application, As prescribed)","Anti-inflammatory dietary protocol; Adequate hydration (2.5L daily); Targeted nutritional supplementation","Consultant Radiologist / Orthopedic Surgeon"
IMG_210.jpg,"Idiopathic Pulmonary Fibrosis [Dataset Training Specimen #210]","Chest X-Ray & Pulmonology",95.6,Severe,"Bilateral reticular subpleural opacities with honeycombing appearance and traction bronchiectasis. Verified medical training sample image reference IMG_210.jpg.","Asbestosis; Sarcoidosis; Connective Tissue Lung Disease","Pulmonary function test (PFT); Avoid environmental irritants","Pirfenidone / Nintedanib 200mg (Anti-fibrotic daily oral therapy), As prescribed)","Anti-inflammatory dietary protocol; Adequate hydration (2.5L daily); Targeted nutritional supplementation","Consultant Radiologist / Orthopedic Surgeon"
IMG_211.jpg,"Distal Radius Colles Fracture [Dataset Training Specimen #211]","Bone & Skeletal Radiography",98.7,High,"Extra-articular fracture of distal radial metaphysis with dorsal displacement and angulation (dinner-fork deformity). Verified medical training sample image reference IMG_211.jpg.","Smith Fracture; Scaphoid Fracture; Radiocarpal Dislocation","Immobilize in volar splint; Neurovascular examination of distal hand","Closed Reduction + Short Arm Fiberglass Cast (Immobilization 6 weeks), As prescribed)","Anti-inflammatory dietary protocol; Adequate hydration (2.5L daily); Targeted nutritional supplementation","Consultant Radiologist / Orthopedic Surgeon"
IMG_212.jpg,"Femoral Neck Fracture (Displaced) [Dataset Training Specimen #212]","Bone & Skeletal Radiography",94,Severe,"Cortical disruption and impaction of left intracapsular femoral neck with shortening on pelvic AP X-ray. Verified medical training sample image reference IMG_212.jpg.","Intertrochanteric Fracture; Pubic Ramus Fracture; Acetabular Fracture","Non-weight bearing status; Thromboembolism prophylaxis","Hemiarthroplasty / Total Hip Arthroplasty (Orthopedic surgery procedure), As prescribed)","Anti-inflammatory dietary protocol; Adequate hydration (2.5L daily); Targeted nutritional supplementation","Consultant Radiologist / Orthopedic Surgeon"
IMG_213.jpg,"Osteoarthritis (Knee Joint Space Narrowing) [Dataset Training Specimen #213]","Bone & Skeletal Radiography",97.1,Moderate,"Asymmetric medial compartment joint space narrowing, subchondral sclerosis, and marginal osteophytes on weight-bearing knee X-ray. Verified medical training sample image reference IMG_213.jpg.","Rheumatoid Arthritis; Gouty Arthropathy; Meniscal Tear","Low-impact quadriceps strengthening; Weight management","Meloxicam 15mg (Oral NSAID tablet,  Once daily with meal))","Anti-inflammatory dietary protocol; Adequate hydration (2.5L daily); Targeted nutritional supplementation","Consultant Radiologist / Orthopedic Surgeon"
IMG_214.jpg,"Vertebral Compression Fracture (L2 Spine) [Dataset Training Specimen #214]","Bone & Skeletal Radiography",92.4,High,"Anterior vertebral body height loss >25% with cortical endplate disruption on lateral lumbar spine radiograph. Verified medical training sample image reference IMG_214.jpg.","Metastatic Bone Lesion; Multiple Myeloma; Discitis","Rigid thoracolumbar orthosis brace; DXA bone mineral density test","Calcitonin / Teriparatide + Calcium 1200mg & Vitamin D3 2000IU daily (Standard application, As prescribed)","Anti-inflammatory dietary protocol; Adequate hydration (2.5L daily); Targeted nutritional supplementation","Consultant Radiologist / Orthopedic Surgeon"
IMG_215.jpg,"Clavicle Shaft Mid-Third Fracture [Dataset Training Specimen #215]","Bone & Skeletal Radiography",95.5,Moderate,"Complete transverse fracture through middle third of clavicle with inferior displacement of distal fragment. Verified medical training sample image reference IMG_215.jpg.","Acromioclavicular Joint Separation; Sternoclavicular Dislocation","Figure-of-eight or sling immobilization; Avoid overhead shoulder lifting","Analgesic Acetaminophen 1000mg (Oral 3x/day as needed), As prescribed)","Anti-inflammatory dietary protocol; Adequate hydration (2.5L daily); Targeted nutritional supplementation","Consultant Radiologist / Orthopedic Surgeon"
IMG_216.jpg,"Ankle Bi-Malleolar Fracture [Dataset Training Specimen #216]","Bone & Skeletal Radiography",98.6,Severe,"Disruption of lateral malleolus and medial malleolus with talar tilt on mortise ankle radiograph. Verified medical training sample image reference IMG_216.jpg.","Uni-malleolar Fracture; High Fibular Maisonneuve Fracture","Non-weight bearing posterior splint; Elevate above heart level","Open Reduction and Internal Fixation (ORIF orthopedic surgery), As prescribed)","Anti-inflammatory dietary protocol; Adequate hydration (2.5L daily); Targeted nutritional supplementation","Consultant Radiologist / Orthopedic Surgeon"
IMG_217.jpg,"Osteomyelitis (Tibial Metaphysis) [Dataset Training Specimen #217]","Bone & Skeletal Radiography",93.9,Severe,"Cortical erosion, periosteal reaction, involucrum formation, and focal radiolucency in proximal tibia. Verified medical training sample image reference IMG_217.jpg.","Ewing Sarcoma; Osteosarcoma; Bone Infarct","Parenteral antibiotic therapy; Non-weight bearing on affected limb","Vancomycin / Cefepime IV (Parenteral culture-guided antibiotics,  6 weeks))","Anti-inflammatory dietary protocol; Adequate hydration (2.5L daily); Targeted nutritional supplementation","Consultant Radiologist / Orthopedic Surgeon"
IMG_218.jpg,"Glenohumeral Anterior Dislocation [Dataset Training Specimen #218]","Bone & Skeletal Radiography",97,High,"Humeral head displaced subcoracoid anteriorly relative to glenoid fossa on scapular Y-view shoulder X-ray. Verified medical training sample image reference IMG_218.jpg.","Posterior Shoulder Dislocation; Rotator Cuff Tear; Greater Tuberosity Fracture","Prompt neurovascular axillary nerve evaluation; Post-reduction sling immobilization","Closed Shoulder Reduction under procedural sedation (Immediate procedure), As prescribed)","Anti-inflammatory dietary protocol; Adequate hydration (2.5L daily); Targeted nutritional supplementation","Consultant Radiologist / Orthopedic Surgeon"
IMG_219.jpg,"Calcaneal Fracture (Intra-Articular) [Dataset Training Specimen #219]","Bone & Skeletal Radiography",92.3,Severe,"Depression of posterior facet with Bohler angle reduction <20 degrees on lateral foot X-ray. Verified medical training sample image reference IMG_219.jpg.","Talus Fracture; Lisfranc Dislocation; Severe Ankle Sprain","Strict elevation to prevent skin blistering; Non-weight bearing","Surgical ORIF vs Non-operative casting depending on Bohler angle (Standard application, As prescribed)","Anti-inflammatory dietary protocol; Adequate hydration (2.5L daily); Targeted nutritional supplementation","Consultant Radiologist / Orthopedic Surgeon"
IMG_220.jpg,"Scaphoid Waist Fracture [Dataset Training Specimen #220]","Bone & Skeletal Radiography",95.4,High,"Radiolucent fracture line through scaphoid waist on dedicated scaphoid view radiograph. Verified medical training sample image reference IMG_220.jpg.","Radial Styloid Fracture; De Quervain Tenosynovitis; Triquetral Fracture","Thumb spica casting; High index suspicion for avascular necrosis","Thumb Spica Fiberglass Immobilization Cast (8-12 weeks duration), As prescribed)","Anti-inflammatory dietary protocol; Adequate hydration (2.5L daily); Targeted nutritional supplementation","Consultant Radiologist / Orthopedic Surgeon"
IMG_221.jpg,"Small Bowel Obstruction (Abdominal X-Ray) [Dataset Training Specimen #221]","Abdominal & Dental Radiography",98.5,Severe,"Central dilated small bowel loops >3cm with step-ladder air-fluid levels on erect abdominal X-ray. Verified medical training sample image reference IMG_221.jpg.","Paralytic Ileus; Large Bowel Obstruction; Volvulus","Nasogastric tube decompression; NPO bowel rest; Surgical consultation","IV Fluid Resuscitation + Surgical Laparotomy / Decompression (Standard application, As prescribed)","Anti-inflammatory dietary protocol; Adequate hydration (2.5L daily); Targeted nutritional supplementation","Consultant Radiologist / Orthopedic Surgeon"
IMG_222.jpg,"Renal Calculus / Kidney Stone (KUB Radiograph) [Dataset Training Specimen #222]","Abdominal & Dental Radiography",93.8,High,"Radiopaque 8mm calcification projected over right ureterovesical junction on KUB X-ray. Verified medical training sample image reference IMG_222.jpg.","Phlebolith; Gallstone; Mesenteric Lymph Node Calcification","Strain urine for stone analysis; Hydration >3 liters daily","Tamsulosin 0.4mg (Alpha-blocker capsule,  Once daily)","Anti-inflammatory dietary protocol; Adequate hydration (2.5L daily); Targeted nutritional supplementation","Consultant Radiologist / Orthopedic Surgeon"
IMG_223.jpg,"Periapical Dental Lesion (Mandibular Radiograph) [Dataset Training Specimen #223]","Abdominal & Dental Radiography",96.9,Moderate,"Well-defined radiolucency surrounding apex of lower first molar tooth on periapical dental X-ray. Verified medical training sample image reference IMG_223.jpg.","Radicular Cyst; Dentigerous Cyst; Periapical Granuloma","Avoid chewing on affected side; Maintain oral hygiene antiseptic rinse","Root Canal Treatment (Endodontic therapy) + Amoxicillin 500mg, As prescribed)","Anti-inflammatory dietary protocol; Adequate hydration (2.5L daily); Targeted nutritional supplementation","Consultant Radiologist / Orthopedic Surgeon"
IMG_224.jpg,"Mammographic Microcalcifications (Category BI-RADS 4) [Dataset Training Specimen #224]","Mammography & Soft Tissue",92.2,High,"Pleomorphic clustered microcalcifications in upper outer quadrant of right breast on MLO view mammogram. Verified medical training sample image reference IMG_224.jpg.","Fibroadenoma; Duct Ectasia; Invasive Ductal Carcinoma","Stereotactic core needle biopsy; Compare prior diagnostic mammograms","Stereotactic Core Needle Biopsy (Diagnostic tissue biopsy procedure), As prescribed)","Anti-inflammatory dietary protocol; Adequate hydration (2.5L daily); Targeted nutritional supplementation","Consultant Dermatologist"
IMG_225.jpg,"Pneumoperitoneum (Free Air Under Diaphragm) [Dataset Training Specimen #225]","Abdominal & Dental Radiography",95.3,Severe,"Crescentic radiolucent air collection under right hemidiaphragm on upright chest/abdominal radiograph. Verified medical training sample image reference IMG_225.jpg.","Chilaiditi Sign; Subdiaphragmatic Abscess; Post-laparoscopy state","Emergent exploratory laparotomy; Broad-spectrum IV antibiotics","Emergency Exploratory Laparotomy + IV Piperacillin-Tazobactam (Standard application, As prescribed)","Anti-inflammatory dietary protocol; Adequate hydration (2.5L daily); Targeted nutritional supplementation","Consultant Radiologist / Orthopedic Surgeon"
IMG_226.jpg,"Basal Cell Carcinoma (Superficial) [Dataset Training Specimen #226]","Dermatopathology",98.4,Moderate,"Translucent, pearly nodule with fine telangiectasias and rolled borders on sun-exposed skin. Verified medical training sample image reference IMG_226.jpg.","Squamous Cell Carcinoma; Intradermal Nevus; Actinic Keratosis","Avoid UV exposure; Schedule punch biopsy; Apply SPF 50+","Imiquimod 5% Cream (Thin film,  5x/week)","Anti-inflammatory dietary protocol; Adequate hydration (2.5L daily); Targeted nutritional supplementation","Consultant Dermatologist"
IMG_227.jpg,"Melanoma (In Situ / Early Stage) [Dataset Training Specimen #227]","Cutaneous Oncology",93.7,Severe,"Malignant neoplasm of melanocytes with asymmetrical borders, dark color variation, diameter >6mm. Verified medical training sample image reference IMG_227.jpg.","Atypical Dysplastic Nevus; Seborrheic Keratosis; Pigmented BCC","Schedule urgent wide excision; Avoid tanning; Monthly self-exams","Wide Local Surgical Excision (Standard of care,  Single procedure)","Anti-inflammatory dietary protocol; Adequate hydration (2.5L daily); Targeted nutritional supplementation","Surgical Oncologist / Dermatopathologist"
IMG_228.jpg,"Psoriasis Vulgaris [Dataset Training Specimen #228]","Dermatology",96.8,Moderate,"Erythematous plaques covered with silvery-white lamellar scales on extensor surfaces. Verified medical training sample image reference IMG_228.jpg.","Atopic Dermatitis; Tinea Corporis; Lichen Planus","Emollient lubrication; Avoid Koebner trauma; Monitor joints","Calcipotriene 0.005% Ointment (Thin layer,  Twice daily)","Anti-inflammatory dietary protocol; Adequate hydration (2.5L daily); Targeted nutritional supplementation","Consultant Dermatologist"
IMG_229.jpg,"Atopic Dermatitis (Eczema Flare) [Dataset Training Specimen #229]","Dermatology",92.1,Moderate,"Pruritic, patchy erythema with scaling, flexural lichenification, and epidermal barrier defect. Verified medical training sample image reference IMG_229.jpg.","Contact Dermatitis; Seborrheic Dermatitis; Nummular Eczema","Gentle fragrance-free soaps; Apply ceramic moisturizer; Control room humidity","Hydrocortisone 1% Cream (Thin layer,  Twice daily)","Anti-inflammatory dietary protocol; Adequate hydration (2.5L daily); Targeted nutritional supplementation","Consultant Dermatologist"
IMG_230.jpg,"Actinic Keratosis [Dataset Training Specimen #230]","Dermatopathology",95.2,Moderate,"Pre-cancerous rough, scaly, hyperkeratotic papule arising on chronically sun-damaged dermal surfaces. Verified medical training sample image reference IMG_230.jpg.","Squamous Cell Carcinoma in situ; Seborrheic Keratosis; Discoid Lupus","Wear wide-brimmed protective hat; Monitor rapid growth; Sunscreen daily","Fluorouracil 5% Topical Cream (Apply twice daily,  3-4 weeks))","Anti-inflammatory dietary protocol; Adequate hydration (2.5L daily); Targeted nutritional supplementation","Consultant Dermatologist"
IMG_231.jpg,"Tinea Corporis (Ringworm) [Dataset Training Specimen #231]","Infectious Pathology",98.3,Moderate,"Annular erythematous plaque with raised scaly leading edge and central clearing. Verified medical training sample image reference IMG_231.jpg.","Pityriasis Rosea; Nummular Eczema; Erythema Annulare Centrifugum","Keep skin folds dry; Do not share linens or towels; Hot wash clothing","Terbinafine 1% Cream (Apply lesion + 2cm border,  Twice daily)","Anti-inflammatory dietary protocol; Adequate hydration (2.5L daily); Targeted nutritional supplementation","Consultant Dermatologist"
IMG_232.jpg,"Seborrheic Keratosis [Dataset Training Specimen #232]","Dermatology",93.6,Moderate,"Benign waxy brown or black stuck-on epidermal papule with comedo-like openings. Verified medical training sample image reference IMG_232.jpg.","Melanoma; Pigmented BCC; Verruca Vulgaris","Reassure patient; Avoid mechanical scratching or trauma","Cryotherapy with liquid nitrogen (Cosmetic indication,  Single session))","Anti-inflammatory dietary protocol; Adequate hydration (2.5L daily); Targeted nutritional supplementation","Consultant Dermatologist"
IMG_233.jpg,"Squamous Cell Carcinoma [Dataset Training Specimen #233]","Cutaneous Oncology",96.7,High,"Firm hyperkeratotic erythematous nodule with central cutaneous ulceration or crusting. Verified medical training sample image reference IMG_233.jpg.","Basal Cell Carcinoma; Keratoacanthoma; Actinic Keratosis","Urgent histopathology evaluation; Complete excision margin assessment","Mohs Micrographic Surgery (Margin controlled excision,  Single procedure))","Anti-inflammatory dietary protocol; Adequate hydration (2.5L daily); Targeted nutritional supplementation","Surgical Oncologist / Dermatopathologist"
IMG_234.jpg,"Dysplastic Nevus (Atypical Mole) [Dataset Training Specimen #234]","Dermatopathology",99.8,Moderate,"Atypical melanocytic lesion with irregular pigmentation, variable shades, ill-defined margin. Verified medical training sample image reference IMG_234.jpg.","Cutaneous Melanoma; Compound Nevus; Seborrheic Keratosis","Sequential digital dermoscopy; Excision if ABCDE evolution noted","Excisional Biopsy (Diagnostic procedure,  2mm margin)","Anti-inflammatory dietary protocol; Adequate hydration (2.5L daily); Targeted nutritional supplementation","Consultant Dermatologist"
IMG_235.jpg,"Alopecia Areata [Dataset Training Specimen #235]","Hair & Nail Pathology",95.1,Moderate,"Autoimmune patch hair loss featuring smooth round patches with exclamation-mark hair follicles. Verified medical training sample image reference IMG_235.jpg.","Tinea Capitis; Trichotillomania; Telogen Effluvium","Scalp sunscreen protection; Gentle hair grooming; Reassurance","Triamcinolone Acetonide 10mg/ml (Intralesional injection,  Every 4 weeks))","Anti-inflammatory dietary protocol; Adequate hydration (2.5L daily); Targeted nutritional supplementation","Consultant Dermatologist"
IMG_236.jpg,"Vitiligo (Generalized) [Dataset Training Specimen #236]","Pigmentary Disorders",98.2,Moderate,"Autoimmune depigmented chalk-white macules due to complete loss of epidermal melanocytes. Verified medical training sample image reference IMG_236.jpg.","Pityriasis Alba; Tinea Versicolor; Post-inflammatory Hypopigmentation","Apply strict sunblock; Tacrolimus ointment application; Avoid friction","Tacrolimus 0.1% Ointment (Apply to depigmented zones,  Twice daily)","Anti-inflammatory dietary protocol; Adequate hydration (2.5L daily); Targeted nutritional supplementation","Consultant Dermatologist"
IMG_237.jpg,"Rosacea (Erythematotelangiectatic) [Dataset Training Specimen #237]","Dermatology",93.5,Moderate,"Central facial erythema, flushing, telangiectasia, and skin sensitivity triggered by hot drinks/spicy food. Verified medical training sample image reference IMG_237.jpg.","Systemic Lupus Erythematosus; Acne Vulgaris; Seborrheic Dermatitis","Avoid spicy food, caffeine, hot showers; Use mild barrier cleanser","Metronidazole 0.75% Gel (Apply thin layer,  Twice daily)","Anti-inflammatory dietary protocol; Adequate hydration (2.5L daily); Targeted nutritional supplementation","Consultant Dermatologist"
IMG_238.jpg,"Bullous Pemphigoid [Dataset Training Specimen #238]","Autoimmune & Inflammatory",96.6,Severe,"Tense subepidermal bullae on erythematous urticarial base with IgG antibasement antibody. Verified medical training sample image reference IMG_238.jpg.","Pemphigus Vulgaris; Epidermolysis Bullosa Acquisita; Linear IgA","Wound care for eroded bullae; Infection surveillance; Avoid friction","Clobetasol Propionate 0.05% Ointment (High potency,  Twice daily)","Anti-inflammatory dietary protocol; Adequate hydration (2.5L daily); Targeted nutritional supplementation","Consultant Dermatologist"
IMG_239.jpg,"Lichen Planus [Dataset Training Specimen #239]","Autoimmune & Inflammatory",99.7,Moderate,"Pruritic, purple, polygonal, planar papules with fine white Wickham striae on flexors and mucosa. Verified medical training sample image reference IMG_239.jpg.","Psoriasis; Graft vs Host Disease; Secondary Syphilis","Avoid scratching; Mucosal oral hygiene; Avoid drug triggers","Betamethasone Dipropionate 0.05% (Topical application,  Twice daily)","Anti-inflammatory dietary protocol; Adequate hydration (2.5L daily); Targeted nutritional supplementation","Consultant Dermatologist"
IMG_240.jpg,"Contact Dermatitis (Allergic Nickel) [Dataset Training Specimen #240]","Allergic & Contact Dermatoses",95,Moderate,"Erythematous vesicular rash strictly localized to contact zones (belt buckle, jewelry, snaps). Verified medical training sample image reference IMG_240.jpg.","Irritant Dermatitis; Atopic Dermatitis; Scabies","Eliminate nickel jewelry/metals; Use leather buckles; Apply barrier cream","Triamcinolone 0.1% Cream (Apply to affected zone,  Twice daily)","Anti-inflammatory dietary protocol; Adequate hydration (2.5L daily); Targeted nutritional supplementation","Consultant Dermatologist"
IMG_241.jpg,"Molluscum Contagiosum [Dataset Training Specimen #241]","Infectious Pathology",98.1,Moderate,"Poxvirus smooth umbilicated dome-shaped flesh-colored papules in children/immunocompromised. Verified medical training sample image reference IMG_241.jpg.","Verruca Vulgaris; Cryptococcosis; Syringoma","Avoid sharing bath towels; Do not squeeze lesions; Reassure parents","Cantharidin 0.7% Solution (In-clinic topical application,  Single procedure))","Anti-inflammatory dietary protocol; Adequate hydration (2.5L daily); Targeted nutritional supplementation","Consultant Dermatologist"
IMG_242.jpg,"Scabies Infection (Sarcoptes) [Dataset Training Specimen #242]","Infectious Pathology",93.4,Moderate,"Intense nocturnal pruritus with interdigital burrows, erythematous papules, secondary crusts. Verified medical training sample image reference IMG_242.jpg.","Atopic Dermatitis; Insect Bites; Dyshidrotic Eczema","Treat all household contacts simultaneously; Wash bedding in hot water","Permethrin 5% Cream (Massage neck to toes,  Leave 12h)","Anti-inflammatory dietary protocol; Adequate hydration (2.5L daily); Targeted nutritional supplementation","Consultant Dermatologist"
IMG_243.jpg,"Hidradenitis Suppurativa (Hurley II) [Dataset Training Specimen #243]","Autoimmune & Inflammatory",96.5,High,"Recurrent inflammatory painful nodules, sinus tracts, and scarring in axillary/inguinal apocrine zones. Verified medical training sample image reference IMG_243.jpg.","Furunculosis; Lymphadenitis; Crohn Cutaneous Disease","Loose breathable clothing; Weight management; Warm compresses","Adalimumab 40mg (Subcutaneous injection,  Weekly)","Anti-inflammatory dietary protocol; Adequate hydration (2.5L daily); Targeted nutritional supplementation","Consultant Dermatologist"
IMG_244.jpg,"Erythema Nodosum [Dataset Training Specimen #244]","Autoimmune & Inflammatory",99.6,Moderate,"Tender subcutaneous erythematous nodules on anterior shins associated with sarcoidosis/strep. Verified medical training sample image reference IMG_244.jpg.","Panniculitis; Superficial Thrombophlebitis; Cellulitis","Leg elevation; Rest during acute phase; Screen underlying cause","Naproxen 500mg (Oral tablet,  Twice daily)","Anti-inflammatory dietary protocol; Adequate hydration (2.5L daily); Targeted nutritional supplementation","Consultant Dermatologist"
IMG_245.jpg,"Pityriasis Rosea [Dataset Training Specimen #245]","Dermatology",94.9,Moderate,"Initial herald patch followed by Christmas-tree distribution of oval salmon-pink scaly lesions. Verified medical training sample image reference IMG_245.jpg.","Secondary Syphilis; Tinea Versicolor; Guttate Psoriasis","Reassurance of self-limiting course (6-8 weeks); Lukewarm baths","Calamine Lotion & Cetirizine 10mg (Apply topically / 1 tab daily for itch), As prescribed)","Anti-inflammatory dietary protocol; Adequate hydration (2.5L daily); Targeted nutritional supplementation","Consultant Dermatologist"
IMG_246.jpg,"Cutaneous Lupus Erythematosus (Malar) [Dataset Training Specimen #246]","Autoimmune & Inflammatory",98,High,"Fixed erythematous malar rash sparing nasolabial folds, exacerbated by solar exposure. Verified medical training sample image reference IMG_246.jpg.","Rosacea; Seborrheic Dermatitis; Dermatomyositis","Strict photoprotection UV filter; ANA test screening; Avoid heat","Hydroxychloroquine 200mg (Oral tablet,  Twice daily)","Anti-inflammatory dietary protocol; Adequate hydration (2.5L daily); Targeted nutritional supplementation","Consultant Dermatologist"
IMG_247.jpg,"Kaposi Sarcoma (Classic/HIV) [Dataset Training Specimen #247]","Cutaneous Oncology",93.3,Severe,"HHV-8 driven violaceous vascular macules, plaques, and lesions on lower limbs or mucosa. Verified medical training sample image reference IMG_247.jpg.","Bacillary Angiomatosis; Angiosarcoma; Hematoma","Immunological evaluation (CD4/Viral load); Protect from trauma","Antiretroviral Therapy + Liposomal Doxorubicin (Systemic chemotherapy regimen), As prescribed)","Anti-inflammatory dietary protocol; Adequate hydration (2.5L daily); Targeted nutritional supplementation","Surgical Oncologist / Dermatopathologist"
IMG_248.jpg,"Merkel Cell Carcinoma [Dataset Training Specimen #248]","Cutaneous Oncology",96.4,Severe,"Rapidly growing painless violaceous solitary dermal nodule on head/neck in elderly. Verified medical training sample image reference IMG_248.jpg.","Basal Cell Carcinoma; Metastatic Carcinoma; Lymphoma","Urgent wide excision & sentinel lymph node biopsy; Radiation consultation","Pembrolizumab / Avelumab (Immunotherapy infusion,  Every 2-3 weeks))","Anti-inflammatory dietary protocol; Adequate hydration (2.5L daily); Targeted nutritional supplementation","Surgical Oncologist / Dermatopathologist"
IMG_249.jpg,"Keratoacanthoma [Dataset Training Specimen #249]","Dermatopathology",99.5,Moderate,"Dome-shaped rapidly expanding tumor with central hyperkeratotic crateriform central plug. Verified medical training sample image reference IMG_249.jpg.","Squamous Cell Carcinoma; Verruca Vulgaris; Basal Cell Carcinoma","Excisional biopsy required due to SCC histopath overlap","Complete Surgical Excision (Full depth margin excision,  Single procedure))","Anti-inflammatory dietary protocol; Adequate hydration (2.5L daily); Targeted nutritional supplementation","Consultant Dermatologist"
IMG_250.jpg,"Infantile Hemangioma [Dataset Training Specimen #250]","Vascular Lesions",94.8,Moderate,"Bright red strawberry-like vascular nodule proliferating in early infancy, self-involuting. Verified medical training sample image reference IMG_250.jpg.","Port-wine Stain; Vascular Malformation; Pyogenic Granuloma","Monitor growth near eye/airway; Reassure parents on involution","Propranolol 2mg/kg/day (Oral solution,  Divided doses)","Anti-inflammatory dietary protocol; Adequate hydration (2.5L daily); Targeted nutritional supplementation","Consultant Dermatologist"
